,open_time,Open,High,Low,Close,Volume,close_time,quote_asset_volume,number_of_trades,buy_base_asset_volume,buy_quote_asset_volume,ignore
0,1546300800000,3701.23000000,3810.16000000,3642.00000000,3797.14000000,23741.68703300,1546387199999,88149249.09230461,154227,12919.15589900,47973435.86685800,0
1,1546387200000,3796.45000000,3882.14000000,3750.45000000,3858.56000000,35156.46336900,1546473599999,133876627.24651060,218538,17921.60011400,68277897.66105788,0
2,1546473600000,3857.57000000,3862.74000000,3730.00000000,3766.78000000,29406.94835900,1546559999999,111657372.69526468,199812,14793.08326700,56172495.42692984,0
3,1546560000000,3767.20000000,3823.64000000,3703.57000000,3792.01000000,29519.55467100,1546646399999,111034550.64066196,192232,15579.30325800,58616203.97789647,0
4,1546646400000,3790.09000000,3840.99000000,3751.00000000,3770.96000000,30490.66775100,1546732799999,115893501.27515878,203673,14908.91417500,56667455.38615935,0
5,1546732800000,3771.12000000,4027.71000000,3740.00000000,3987.60000000,36553.80670900,1546819199999,142198812.18914709,240496,19772.88700800,76903705.93007119,0
6,1546819200000,3987.62000000,4017.90000000,3921.53000000,3975.45000000,31869.84626400,1546905599999,126830380.49287239,221219,16404.35224100,65287611.65056139,0
7,1546905600000,3976.76000000,4069.80000000,3903.00000000,3955.13000000,38901.42312200,1546991999999,154778846.54236616,242898,20047.97760100,79781104.89538665,0
8,1546992000000,3955.45000000,4006.81000000,3930.04000000,3966.65000000,28989.43951100,1547078399999,115218950.31554872,209240,14984.33702000,59559010.74523400,0
9,1547078400000,3966.06000000,3996.01000000,3540.00000000,3585.88000000,59402.22851000,1547164799999,221789348.03469807,374760,28288.32257400,105616252.06340843,0
10,1547164800000,3585.88000000,3658.00000000,3465.00000000,3601.31000000,38338.65473300,1547251199999,137560743.62485982,264996,19907.35058600,71430015.64522145,0
11,1547251200000,3601.31000000,3618.19000000,3530.00000000,3583.13000000,21999.92835400,1547337599999,78908770.67658037,175679,11645.59884600,41778835.50680978,0
12,1547337600000,3584.10000000,3611.10000000,3441.30000000,3476.81000000,26385.75745400,1547423999999,92882249.46737902,183113,13692.42064000,48229503.01532720,0
13,1547424000000,3477.56000000,3671.87000000,3467.02000000,3626.09000000,35235.21121500,1547510399999,125631820.06705057,229452,18416.41690200,65668831.10400985,0
14,1547510400000,3626.08000000,3648.42000000,3516.62000000,3553.06000000,34137.99745900,1547596799999,122785440.22887539,231684,17225.62243400,61971796.91256990,0
15,1547596800000,3553.06000000,3645.00000000,3543.51000000,3591.84000000,27480.17997700,1547683199999,98504455.20666535,205159,14183.69988000,50843136.81523343,0
16,1547683200000,3591.84000000,3634.70000000,3530.39000000,3616.21000000,29755.44083800,1547769599999,106709136.97324342,217797,16010.50339500,57427195.93767381,0
17,1547769600000,3613.32000000,3620.00000000,3565.75000000,3594.87000000,22713.44675500,1547855999999,81699723.54479144,177567,12611.08375700,45362975.23668103,0
18,1547856000000,3594.87000000,3720.00000000,3594.23000000,3665.30000000,22171.57812300,1547942399999,81354185.90325992,175054,11637.25817100,42690540.30785225,0
19,1547942400000,3665.75000000,3693.73000000,3475.00000000,3539.28000000,27901.93859800,1548028799999,99767239.95381454,204941,13875.11138100,49633530.63808028,0
20,1548028800000,3539.26000000,3559.51000000,3475.50000000,3526.90000000,19644.43683900,1548115199999,69316548.76685554,160825,10462.02027800,36918177.63501831,0
21,1548115200000,3526.88000000,3608.50000000,3434.85000000,3570.93000000,29336.44296700,1548201599999,103804480.11605988,195484,15661.33300100,55461347.69397660,0
22,1548201600000,3570.41000000,3607.98000000,3514.50000000,3552.82000000,24938.84269800,1548287999999,88816396.34583544,192892,13136.69325300,46789527.00878810,0
23,1548288000000,3552.97000000,3589.00000000,3529.22000000,3569.62000000,20826.25118000,1548374399999,74037052.86632736,162159,10975.97457000,39023591.88152408,0
24,1548374400000,3569.07000000,3587.15000000,3522.51000000,3565.29000000,17608.34667100,1548460799999,62634926.45524528,153413,9690.39815200,34473989.38670668,0
25,1548460800000,3566.69000000,3662.94000000,3545.00000000,3565.25000000,19476.53234400,1548547199999,69841766.64693149,135369,10203.40031500,36578851.51879908,0
26,1548547200000,3565.62000000,3579.00000000,3486.00000000,3550.84000000,22735.59816200,1548633599999,80743416.84653682,163855,11568.56739900,41100311.44740031,0
27,1548633600000,3550.05000000,3557.75000000,3380.27000000,3434.15000000,40405.11140100,1548719999999,139258708.76430879,260799,20334.27173900,70100390.81728584,0
28,1548720000000,3434.00000000,3443.45000000,3349.92000000,3411.04000000,29544.92897700,1548806399999,100542807.46479908,189650,15626.31123100,53180295.18051735,0
29,1548806400000,3410.04000000,3478.00000000,3387.10000000,3458.18000000,23968.26024300,1548892799999,82521122.86191754,180820,13324.33962800,45877250.05787340,0
30,1548892800000,3457.50000000,3489.20000000,3418.80000000,3434.10000000,29607.19025300,1548979199999,101928346.97699686,198100,15325.82878300,52764623.95051864,0
31,1548979200000,3434.10000000,3488.00000000,3401.20000000,3462.07000000,25260.47615900,1549065599999,87075914.23266830,167520,13533.34462800,46664199.94907889,0
32,1549065600000,3462.20000000,3526.40000000,3440.29000000,3504.77000000,17920.80200000,1549151999999,62134037.97539881,153234,9637.41923000,33417963.69624554,0
33,1549152000000,3504.06000000,3511.09000000,3426.00000000,3458.11000000,19867.33639000,1549238399999,68801620.06241606,138592,10126.71614300,35070884.46205618,0
34,1549238400000,3458.11000000,3484.88000000,3433.31000000,3463.22000000,23131.98110800,1549324799999,80024258.22766613,155686,12387.10978100,42856551.66874073,0
35,1549324800000,3463.22000000,3478.97000000,3448.43000000,3471.59000000,25264.41503000,1549411199999,87491347.06381486,162066,13642.82308400,47248405.24357039,0
36,1549411200000,3471.57000000,3482.72000000,3380.00000000,3405.37000000,35310.24484600,1549497599999,120500703.00515730,207024,18054.00834700,61609674.49994292,0
37,1549497600000,3407.00000000,3426.45000000,3390.00000000,3398.40000000,18665.53863800,1549583999999,63611505.78657223,148209,9971.89096000,33985909.98028422,0
38,1549584000000,3398.40000000,3733.58000000,3373.10000000,3659.04000000,47968.05801300,1549670399999,170118212.46197886,277242,25500.97034500,90453750.95066435,0
39,1549670400000,3660.27000000,3680.02000000,3625.13000000,3665.18000000,24759.83371900,1549756799999,90488500.06766240,192209,13208.14275000,48274378.26417207,0
40,1549756800000,3665.18000000,3684.99000000,3609.76000000,3680.06000000,23250.60263400,1549843199999,84696423.96233752,171099,12445.22054600,45337811.06485932,0
41,1549843200000,3679.75000000,3684.90000000,3615.53000000,3631.05000000,24954.61457100,1549929599999,90731831.90427426,172626,12713.19166600,46221559.64321214,0
42,1549929600000,3631.05000000,3667.60000000,3582.34000000,3631.46000000,29479.59823000,1550015999999,106766439.99436474,198996,14986.11962900,54283275.96877608,0
43,1550016000000,3631.51000000,3670.00000000,3591.75000000,3609.40000000,25773.99764800,1550102399999,93350740.94830574,167690,13552.84642000,49100779.82827613,0
44,1550102400000,3608.34000000,3626.40000000,3568.11000000,3590.56000000,21753.50126100,1550188799999,78367545.57945933,155215,11271.17502000,40602592.45976747,0
45,1550188800000,3590.57000000,3653.23000000,3573.45000000,3602.47000000,20777.87289900,1550275199999,74938358.18352868,151256,10840.39689500,39106496.49706577,0
46,1550275200000,3602.49000000,3648.20000000,3597.91000000,3618.41000000,19565.99275100,1550361599999,70894921.80761533,149393,10452.11973000,37873280.57143865,0
47,1550361600000,3617.22000000,3700.11000000,3604.40000000,3667.58000000,25690.22777900,1550447999999,93426433.13226133,179511,13004.16467600,47317986.79403941,0
48,1550448000000,3667.62000000,3925.00000000,3655.00000000,3898.60000000,64042.73049200,1550534399999,242898012.76922592,393515,33934.97317100,128779026.65413163,0
49,1550534400000,3897.35000000,3994.52000000,3856.00000000,3907.79000000,50207.17266700,1550620799999,197091641.04739993,332281,27008.59756600,106038298.75034281,0
50,1550620800000,3907.35000000,3986.98000000,3870.66000000,3969.74000000,36205.14085000,1550707199999,142571564.56112989,250176,19952.70098400,78593009.21716801,0
51,1550707200000,3969.74000000,4016.48000000,3901.03000000,3937.31000000,31103.88472800,1550793599999,122714273.87417651,209571,16678.73094500,65816472.08951928,0
52,1550793600000,3937.31000000,3988.00000000,3926.65000000,3962.00000000,23943.16375000,1550879999999,94739322.74557025,179588,12932.07849400,51172984.85084170,0
53,1550880000000,3962.00000000,4162.02000000,3933.15000000,4117.76000000,33657.94288300,1550966399999,135782959.41827349,231563,17790.39681500,71727695.50468791,0
54,1550966400000,4118.00000000,4198.00000000,3712.66000000,3743.56000000,62224.18689000,1551052799999,244146803.51886994,410578,30284.98096300,118938981.43024275,0
55,1551052800000,3743.56000000,3872.66000000,3740.00000000,3827.92000000,38102.96624500,1551139199999,145285565.20317070,262716,20414.12531600,77851143.96719552,0
56,1551139200000,3828.44000000,3841.51000000,3777.00000000,3809.23000000,28838.74803600,1551225599999,109932596.10609363,213897,14790.21331100,56376982.48230529,0
57,1551225600000,3809.31000000,3838.85000000,3677.17000000,3818.07000000,31500.99546600,1551311999999,119564023.12004227,201626,16214.23584600,61560455.27515973,0
58,1551312000000,3818.04000000,3888.00000000,3763.87000000,3813.69000000,32561.96104400,1551398399999,124703738.39336836,233849,16907.09230100,64761233.24960861,0
59,1551398400000,3814.26000000,3857.00000000,3813.01000000,3823.00000000,23174.57217000,1551484799999,88851336.52111789,179860,12773.95259500,48982541.74343915,0
60,1551484800000,3822.17000000,3841.31000000,3772.25000000,3819.93000000,19445.83835500,1551571199999,74175357.77882297,149854,10248.94565500,39098061.94664881,0
61,1551571200000,3819.97000000,3835.00000000,3781.32000000,3807.75000000,16718.16541000,1551657599999,63791898.99159701,127681,8854.21887800,33793163.48606208,0
62,1551657600000,3807.32000000,3830.00000000,3670.69000000,3715.30000000,34742.84166000,1551743999999,129739738.23815794,218615,18023.02240700,67312533.26381876,0
63,1551744000000,3716.10000000,3877.10000000,3703.55000000,3857.73000000,32962.53616200,1551830399999,124945530.76214453,202444,17980.12771200,68134618.18206475,0
64,1551830400000,3857.58000000,3907.00000000,3813.09000000,3861.84000000,24775.11883000,1551916799999,95417637.58898660,165101,13139.77457300,50622286.06205380,0
65,1551916800000,3861.84000000,3905.40000000,3840.40000000,3873.64000000,26455.25766100,1552003199999,102585458.38333898,180520,13365.94621300,51827450.49331647,0
66,1552003200000,3873.63000000,3932.00000000,3800.00000000,3864.89000000,34730.36659200,1552089599999,135000852.01035948,211534,17947.93422800,69791058.74747885,0
67,1552089600000,3864.88000000,3971.75000000,3854.75000000,3943.04000000,30979.74765300,1552175999999,121353606.96803356,206869,16447.34655800,64429542.99978998,0
68,1552176000000,3943.43000000,3943.43000000,3881.69000000,3916.82000000,23187.56141200,1552262399999,90693949.72150731,167920,12518.49638600,48968093.08714351,0
69,1552262400000,3915.99000000,3936.98000000,3830.00000000,3871.61000000,38066.88570500,1552348799999,147721971.09446938,209916,19416.22101400,75329574.17851433,0
70,1552348800000,3871.61000000,3905.20000000,3826.06000000,3882.73000000,26921.00862200,1552435199999,104393849.44844826,182885,13827.42106500,53624520.45494350,0
71,1552435200000,3882.69000000,3893.56000000,3840.00000000,3866.00000000,24461.00875700,1552521599999,94680049.46033754,186572,12839.14650500,49699859.82552118,0
72,1552521600000,3866.00000000,3920.00000000,3810.43000000,3877.12000000,27048.74853000,1552607999999,104673038.77602254,196651,14244.45531900,55141147.28364773,0
73,1552608000000,3877.12000000,3939.22000000,3872.20000000,3923.76000000,21740.06149800,1552694399999,84919900.71744472,163866,12025.70553400,46979306.89873034,0
74,1552694400000,3924.46000000,4056.98000000,3921.98000000,4005.98000000,28568.37612400,1552780799999,114227606.40681695,216198,15580.63108000,62301622.91259946,0
75,1552780800000,4005.98000000,4012.00000000,3950.01000000,3981.14000000,18814.25557700,1552867199999,74893913.05776027,146953,9927.11655900,39524144.17139103,0
76,1552867200000,3981.85000000,4037.00000000,3953.33000000,3987.81000000,22454.47801000,1552953599999,89526258.38910637,157876,11964.18976900,47710908.05709871,0
77,1552953600000,3987.83000000,4031.00000000,3970.00000000,4015.53000000,19893.74181500,1553039999999,79503748.36263466,147394,10745.63056500,42949860.70592456,0
78,1553040000000,4017.48000000,4050.00000000,3980.50000000,4043.04000000,23432.30025500,1553126399999,94019734.23326426,175036,12201.21427900,48961351.11750316,0
79,1553126400000,4043.04000000,4069.32000000,3880.01000000,3980.64000000,35997.68211900,1553212799999,144010401.50845117,236100,18704.22183700,74835394.39208286,0
80,1553212800000,3980.85000000,4008.00000000,3968.25000000,3986.93000000,20022.60631800,1553299199999,79861943.81089970,153703,10561.69457700,42127893.35065794,0
81,1553299200000,3987.89000000,4018.83000000,3978.01000000,4006.01000000,17302.60431800,1553385599999,69169819.86286371,143155,9491.14472800,37945846.04025019,0
82,1553385600000,4006.01000000,4006.02000000,3950.00000000,3992.18000000,17179.85064800,1553471999999,68524082.74695625,131087,8617.36592500,34375232.36909545,0
83,1553472000000,3991.35000000,3999.30000000,3888.71000000,3936.12000000,33192.89021700,1553558399999,131507366.37512891,227739,17050.63482700,67573128.16531547,0
84,1553558400000,3935.47000000,3958.98000000,3894.00000000,3948.55000000,29349.53762700,1553644799999,115330070.99071545,192418,15963.90520500,62738463.89189890,0
85,1553644800000,3948.77000000,4048.00000000,3936.15000000,4038.05000000,32364.55585200,1553731199999,129681258.01621350,224309,17964.55060100,71983196.76062553,0
86,1553731200000,4039.58000000,4039.70000000,4002.00000000,4027.81000000,20089.29387500,1553817599999,80822230.57984656,157060,10111.82627600,40683986.77430117,0
87,1553817600000,4028.22000000,4123.71000000,4024.03000000,4103.25000000,30084.21744400,1553903999999,122585822.58650480,203826,16800.50957200,68459620.27240319,0
88,1553904000000,4104.24000000,4140.00000000,4052.00000000,4106.97000000,19509.29260100,1553990399999,79853835.58182401,162463,10322.14877500,42255037.00428935,0
89,1553990400000,4106.99000000,4116.12000000,4082.57000000,4103.95000000,13525.08743300,1554076799999,55472147.12701675,124046,6824.65737800,27993469.17112726,0
90,1554076800000,4102.44000000,4158.70000000,4067.00000000,4144.56000000,25507.06764100,1554163199999,105388238.14788892,184268,12915.28932000,53371959.95327402,0
91,1554163200000,4144.54000000,4897.99000000,4140.54000000,4857.29000000,105383.63926300,1554249599999,489018726.75750669,609133,55726.14168400,258300768.81540301,0
92,1554249600000,4857.19000000,5275.01000000,4753.50000000,4932.60000000,109890.12574300,1554335999999,548900970.91788429,692019,55975.58476100,279654422.07491424,0
93,1554336000000,4932.59000000,5039.08000000,4777.00000000,4898.66000000,61054.25416800,1554422399999,301411332.00902432,419141,31203.30835400,154090564.79115182,0
94,1554422400000,4898.64000000,5028.22000000,4880.62000000,5004.95000000,39768.55280600,1554508799999,197660830.71096662,292375,21235.63623700,105586318.20991643,0
95,1554508800000,5004.96000000,5205.00000000,4928.59000000,5043.89000000,41770.84231300,1554595199999,210963411.61313188,281237,21796.02186900,110119190.88917793,0
96,1554595200000,5042.07000000,5234.00000000,5026.00000000,5170.27000000,37615.48680400,1554681599999,192916750.57190406,274084,19504.61283200,100069310.55713653,0
97,1554681600000,5170.27000000,5305.00000000,5039.00000000,5236.90000000,50178.43078200,1554767999999,260487077.76756680,350828,25302.16540200,131396468.34738519,0
98,1554768000000,5238.38000000,5238.40000000,5076.68000000,5150.00000000,34067.01231100,1554854399999,175633627.31637351,253381,16967.00611500,87496291.75731626,0
99,1554854400000,5150.00000000,5422.00000000,5135.00000000,5308.25000000,40073.62047100,1554940799999,210870034.51205530,260967,21269.62094900,111952601.71234791,0
100,1554940800000,5307.86000000,5332.67000000,4927.00000000,5017.37000000,54696.60068600,1555027199999,277736905.85749792,369304,26631.11240900,135174561.68852918,0
101,1555027200000,5017.37000000,5080.58000000,4861.22000000,5048.01000000,33276.67861400,1555113599999,166485761.07931210,226036,16899.59053300,84561818.27888816,0
102,1555113600000,5047.00000000,5099.00000000,5004.00000000,5045.22000000,17292.45680200,1555199999999,87375984.44461506,138674,8692.05325900,43925293.92220215,0
103,1555200000000,5047.45000000,5152.99000000,5000.00000000,5131.30000000,18281.60773900,1555286399999,92594930.42710131,131700,10043.91166700,50893945.02767781,0
104,1555286400000,5131.28000000,5167.38000000,4950.00000000,5024.95000000,29057.19158100,1555372799999,147687551.94147710,204944,14170.25240200,72070166.00084409,0
105,1555372800000,5024.95000000,5197.72000000,5003.94000000,5173.72000000,24242.22949300,1555459199999,123581651.71216356,168550,12804.63376800,65290617.51599363,0
106,1555459200000,5173.72000000,5230.40000000,5146.80000000,5202.82000000,23307.53613400,1555545599999,120972345.51821637,179490,12172.53172400,63190167.89632924,0
107,1555545600000,5202.41000000,5287.00000000,5198.80000000,5258.44000000,22619.23900100,1555631999999,118573129.86520114,167110,12104.85293200,63464128.54331125,0
108,1555632000000,5258.44000000,5320.00000000,5175.00000000,5258.68000000,24611.23632300,1555718399999,128937309.63806376,178148,12889.68334400,67549701.12506344,0
109,1555718400000,5258.68000000,5333.42000000,5230.10000000,5291.73000000,19168.90827400,1555804799999,101343660.15324434,157080,10029.27226200,53029542.91017945,0
110,1555804800000,5292.91000000,5314.35000000,5165.00000000,5256.14000000,25549.57093900,1555891199999,133929931.15068736,210494,13147.77101600,68909870.81367928,0
111,1555891200000,5257.41000000,5400.00000000,5208.35000000,5357.14000000,29563.85230900,1555977599999,156632202.97099613,210361,15828.00485100,83879362.28322349,0
112,1555977600000,5357.14000000,5600.00000000,5332.41000000,5493.31000000,41262.10391700,1556063999999,227154061.85771411,282563,21260.01446900,117054771.35759218,0
113,1556064000000,5490.91000000,5582.20000000,5333.35000000,5415.00000000,48224.15241300,1556150399999,262493252.93584237,339599,23401.18852000,127419838.49784201,0
114,1556150400000,5415.00000000,5491.84000000,5102.00000000,5219.90000000,49636.08994800,1556236799999,265091565.61466024,331089,21401.17196500,114223925.41789762,0
115,1556236800000,5220.47000000,5510.00000000,5161.62000000,5314.10000000,48912.29451300,1556323199999,259659705.65138580,333183,25076.71829700,133163032.45656707,0
116,1556323200000,5315.00000000,5342.50000000,5257.67000000,5295.69000000,15422.89693500,1556409599999,81749716.42174439,145733,7918.22705600,41978251.89852615,0
117,1556409600000,5295.69000000,5340.00000000,5259.48000000,5307.52000000,14371.43386900,1556495999999,76277087.37424076,127730,7160.77372500,38011547.93921391,0
118,1556496000000,5309.81000000,5332.00000000,5178.80000000,5238.14000000,19918.13507900,1556582399999,104822151.51444980,178472,9983.62213700,52529726.63061370,0
119,1556582400000,5238.14000000,5339.98000000,5192.15000000,5320.81000000,22238.06823000,1556668799999,117309839.23079812,180989,12264.55293800,64721155.04645376,0
120,1556668800000,5321.94000000,5402.00000000,5316.20000000,5383.20000000,17217.47321600,1556755199999,92194935.60478040,161488,9636.26589900,51604847.88561128,0
121,1556755200000,5383.20000000,5538.00000000,5370.00000000,5492.87000000,22795.78783500,1556841599999,124498567.20765440,181896,11908.89589200,65029410.50078300,0
122,1556841600000,5494.81000000,5844.00000000,5477.57000000,5772.69000000,46297.17284900,1556927999999,264435878.92811019,338298,24992.74319000,142732584.07587240,0
123,1556928000000,5770.62000000,5900.00000000,5587.45000000,5829.45000000,39682.40899100,1557014399999,228942582.45077919,283145,21037.29947700,121524183.92743250,0
124,1557014400000,5829.83000000,5839.90000000,5696.00000000,5775.62000000,23822.54377500,1557100799999,137653160.76602159,185365,11824.08792100,68357177.93240788,0
125,1557100800000,5773.18000000,5805.00000000,5619.14000000,5747.79000000,25256.59632500,1557187199999,144358553.85462249,230431,12922.62549000,73880906.50332905,0
126,1557187200000,5749.92000000,6028.41000000,5747.74000000,5846.34000000,39905.06442200,1557273599999,236176663.81792103,301388,21302.98121700,126064101.91225619,0
127,1557273600000,5846.34000000,6014.72000000,5772.20000000,5987.29000000,23074.05152000,1557359999999,136245255.55720780,190966,11960.90403200,70659279.91367500,0
128,1557360000000,5986.66000000,6224.55000000,5983.71000000,6209.18000000,27453.01143600,1557446399999,167489934.34358988,227841,13875.18235600,84696142.54932348,0
129,1557446400000,6209.95000000,6468.92000000,6172.00000000,6373.33000000,36623.61079000,1557532799999,231801342.43209280,283074,18548.92799500,117379030.42732471,0
130,1557532800000,6375.16000000,7343.99000000,6372.85000000,7076.22000000,74022.42439300,1557619199999,507216001.34340413,562540,40091.99721500,274656200.80251044,0
131,1557619200000,7076.24000000,7521.78000000,6750.00000000,6967.31000000,86948.97533900,1557705599999,619939454.48965513,647345,42689.58967600,304720922.90832519,0
132,1557705600000,6968.24000000,8100.00000000,6870.00000000,7790.71000000,85804.73533300,1557791999999,648012612.29270131,588497,45381.26225900,342327287.01661900,0
133,1557792000000,7795.62000000,8366.00000000,7599.56000000,7947.56000000,76583.72260300,1557878399999,611103206.00327249,655426,38953.03233500,310810946.93725249,0
134,1557878400000,7945.26000000,8249.00000000,7850.00000000,8169.87000000,37884.32721100,1557964799999,305196285.27558238,347533,19660.57618600,158426245.70097857,0
135,1557964800000,8169.08000000,8320.00000000,7705.00000000,7866.59000000,69630.51399600,1558051199999,557126171.27896418,666538,35097.40415800,280897013.06816628,0
136,1558051200000,7868.67000000,7925.00000000,6913.00000000,7355.26000000,88752.00815900,1558137599999,645676487.37440289,803893,45121.47497800,328348049.16308968,0
137,1558137600000,7355.28000000,7458.00000000,7156.61000000,7257.45000000,37054.94477900,1558223999999,271170511.05093318,379504,19375.84836000,141830045.16939757,0
138,1558224000000,7257.32000000,8275.09000000,7243.08000000,8148.48000000,65577.44205800,1558310399999,517729474.35844101,583432,35593.49002200,281177713.21845129,0
139,1558310400000,8147.94000000,8156.03000000,7553.00000000,7938.15000000,65859.20856400,1558396799999,517939277.86885798,610360,34629.64564500,272371020.30677796,0
140,1558396800000,7937.16000000,8042.32000000,7771.00000000,7904.87000000,52301.75224700,1558483199999,413637782.36974554,554038,27272.36044800,215730616.60421489,0
141,1558483200000,7904.48000000,8016.00000000,7465.00000000,7628.43000000,49136.99458900,1558569599999,384730220.72195171,461337,24410.96266200,191296198.55463496,0
142,1558569600000,7627.80000000,7940.98000000,7461.00000000,7851.51000000,49648.18470100,1558655999999,381536239.51284835,449220,25959.85983800,199607980.98608009,0
143,1558656000000,7849.95000000,8130.00000000,7766.00000000,7964.87000000,46664.78532500,1558742399999,371381043.73160255,428676,25045.73342800,199347829.02587370,0
144,1558742400000,7964.52000000,8091.80000000,7908.34000000,8025.41000000,28414.32881700,1558828799999,227376280.58540762,264448,15037.16499600,120334124.30243574,0
145,1558828800000,8023.00000000,8740.00000000,7833.42000000,8614.43000000,49652.14456700,1558915199999,409616322.38847878,377306,26438.94680300,217911336.30408231,0
146,1558915200000,8612.54000000,8908.32000000,8589.00000000,8756.32000000,51886.76879300,1559001599999,452651204.93490235,478773,27722.36963700,241864670.65173968,0
147,1559001600000,8752.52000000,8798.49000000,8510.63000000,8715.64000000,31470.55153400,1559087999999,273791910.63147590,349123,16561.87681100,144108437.06115802,0
148,1559088000000,8716.87000000,8750.00000000,8406.60000000,8645.68000000,33880.86592200,1559174399999,292094591.01803866,352317,17575.58031700,151595491.23598413,0
149,1559174400000,8646.50000000,9074.26000000,8005.00000000,8269.54000000,70379.99852100,1559260799999,603312537.38084345,617341,34577.31059800,296613619.21904660,0
150,1559260800000,8267.10000000,8594.00000000,8108.50000000,8555.00000000,44727.49162000,1559347199999,373629673.91901440,416525,23391.68846000,195418655.05339947,0
151,1559347200000,8555.00000000,8626.00000000,8442.36000000,8544.07000000,31868.23415700,1559433599999,272098436.34069574,348375,16922.66242500,144486129.11826151,0
152,1559433600000,8545.10000000,8814.78000000,8524.00000000,8725.98000000,27835.13326500,1559519999999,241414596.71950513,299353,14585.88699900,126530020.38343657,0
153,1559520000000,8726.00000000,8800.95000000,8080.80000000,8115.82000000,45692.96510400,1559606399999,387155494.97304884,431252,22514.31685900,190882595.70344346,0
154,1559606400000,8115.66000000,8115.66000000,7481.02000000,7687.03000000,74143.94894100,1559692799999,582173398.32579679,645913,36776.59713100,288822568.04322012,0
155,1559692800000,7687.04000000,7896.70000000,7572.78000000,7776.50000000,48679.65645500,1559779199999,377635818.00440952,426120,26296.53395900,204082647.87673320,0
156,1559779200000,7778.08000000,7868.13000000,7444.58000000,7786.70000000,36624.11874700,1559865599999,282156410.54378911,371485,18877.98638300,145537581.79160799,0
157,1559865600000,7787.57000000,8100.00000000,7737.49000000,7980.53000000,33942.22565800,1559951999999,269125728.14164961,323096,17193.57559500,136343077.37705734,0
158,1559952000000,7978.94000000,8044.65000000,7751.00000000,7893.62000000,22657.32963400,1560038399999,179047320.02388046,250864,11795.09729400,93237148.47454820,0
159,1560038400000,7895.28000000,7935.00000000,7506.66000000,7628.13000000,31568.46515700,1560124799999,243970971.02443440,322175,16234.63127500,125591062.03917081,0
160,1560124800000,7627.57000000,8020.00000000,7511.00000000,7982.75000000,36756.07846800,1560211199999,287125339.97011443,387179,19890.86856100,155461282.83139249,0
161,1560211200000,7981.00000000,8010.00000000,7692.23000000,7884.90000000,30334.99942700,1560297599999,238031771.51747338,309059,15793.77245100,124001190.82079008,0
162,1560297600000,7884.90000000,8200.00000000,7788.99000000,8127.64000000,41597.08262200,1560383999999,333291726.64600021,361980,22826.90102600,182925127.46756544,0
163,1560384000000,8127.64000000,8309.82000000,8010.03000000,8218.54000000,30467.76434100,1560470399999,248418184.77204661,341246,16100.16134600,131293315.79862677,0
164,1560470400000,8216.44000000,8684.41000000,8144.32000000,8650.00000000,39835.24625500,1560556799999,333475488.55375949,410072,20970.62382700,175588531.48519169,0
165,1560556800000,8650.88000000,8864.99000000,8567.63000000,8808.70000000,31791.63603900,1560643199999,276420769.29338533,335840,16798.37929600,146051605.23593674,0
166,1560643200000,8810.77000000,9333.00000000,8760.00000000,8953.33000000,63289.25121900,1560729599999,574211342.97966031,552319,33804.18204600,306793742.10849278,0
167,1560729600000,8953.00000000,9444.00000000,8950.00000000,9313.96000000,47895.48537400,1560815999999,441567296.05926622,462160,24826.97685000,228962151.24115250,0
168,1560816000000,9312.13000000,9336.36000000,8950.00000000,9081.55000000,51554.56940100,1560902399999,470271954.29870564,449730,28057.04733500,255972426.13011804,0
169,1560902400000,9081.97000000,9304.00000000,8960.00000000,9255.49000000,32147.70649500,1560988799999,293748062.66684875,306202,17533.23301600,160303572.01579759,0
170,1560988800000,9253.76000000,9590.00000000,9175.20000000,9517.12000000,34556.05398200,1561075199999,323621848.19876171,350662,18032.19071400,168891671.53448428,0
171,1561075200000,9518.06000000,10174.99000000,9518.06000000,10159.86000000,50484.41589200,1561161599999,494783687.98535151,474344,28305.73274900,277616242.76671947,0
172,1561161600000,10159.86000000,11160.00000000,9921.72000000,10729.50000000,104169.44797600,1561247999999,1112069567.63811481,923334,55336.62358700,590676435.78882355,0
173,1561248000000,10729.00000000,11392.64000000,10555.18000000,10906.07000000,57445.32394500,1561334399999,625330374.74668832,557935,30129.80103300,327919162.55038311,0
174,1561334400000,10905.95000000,11143.63000000,10620.80000000,11056.59000000,43101.04528500,1561420799999,469746663.93811732,440335,22674.41385100,247193774.35494487,0
175,1561420800000,11056.59000000,11850.00000000,11026.00000000,11820.86000000,61276.68664800,1561507199999,697773986.26918588,597798,32838.33556600,373915513.28231270,0
176,1561507200000,11821.28000000,13970.00000000,11741.00000000,13093.80000000,155930.14738600,1561593599999,1996178374.59449220,1355074,76046.06420600,973444882.21756229,0
177,1561593600000,13098.38000000,13478.04000000,10525.10000000,11329.99000000,173894.82088900,1561679999999,2058443849.31399992,1357233,80442.11991600,951733425.60878133,0
178,1561680000000,11329.99000000,12480.00000000,10982.88000000,12400.63000000,95795.20396400,1561766399999,1129888341.32128373,883116,48847.10788300,576552254.91960096,0
179,1561766400000,12407.06000000,12441.54000000,11475.02000000,11903.13000000,69642.07415700,1561852799999,829011822.23653242,732073,36061.45936900,429403585.74678667,0
180,1561852800000,11903.13000000,12180.00000000,10766.03000000,10854.10000000,84512.53044300,1561939199999,971151050.90058159,711267,42697.44000000,492370966.31592094,0
181,1561939200000,10854.10000000,11282.28000000,10030.00000000,10624.93000000,90962.26827100,1562025599999,972343281.86035535,757458,44210.98836500,473020897.41183619,0
182,1562025600000,10624.90000000,10938.75000000,9727.00000000,10842.85000000,109561.03872800,1562111999999,1128353804.80079160,870148,54998.50360600,566863180.55092289,0
183,1562112000000,10844.98000000,11991.89000000,10841.04000000,11940.00000000,96815.90029000,1562198399999,1097804642.75777372,814754,49613.61674400,561585673.86519116,0
184,1562198400000,11940.00000000,12000.00000000,11055.00000000,11145.67000000,66512.22189200,1562284799999,775818897.38948483,643867,33626.85186200,392411806.43340068,0
185,1562284800000,11145.67000000,11406.83000000,10796.44000000,10970.73000000,63534.35058200,1562371199999,705853649.02648962,564857,32306.91425900,359142813.98810695,0
186,1562371200000,10982.41000000,11665.00000000,10964.51000000,11256.49000000,51469.49633100,1562457599999,585001376.15542908,470692,25601.98948200,291096287.94400300,0
187,1562457600000,11256.45000000,11538.00000000,11094.37000000,11406.24000000,38884.79559900,1562543999999,439439052.94554207,366769,22449.30112000,253820654.34123246,0
188,1562544000000,11410.00000000,12338.03000000,11220.00000000,12238.60000000,52182.36721500,1562630399999,618530684.43255227,507860,27740.09749000,328709707.94803343,0
189,1562630400000,12238.60000000,12794.73000000,12068.00000000,12543.41000000,78442.13034300,1562716799999,975986802.03003513,660273,40993.91197400,508388352.36049587,0
190,1562716800000,12548.51000000,13147.08000000,11569.00000000,12108.37000000,109246.04499700,1562803199999,1369749939.96750366,899391,46964.76090700,588798251.12483500,0
191,1562803200000,12108.11000000,12111.73000000,11000.00000000,11342.89000000,87506.46105800,1562889599999,1007356802.21825599,760057,43714.15617000,503407388.68365422,0
192,1562889600000,11342.88000000,11885.00000000,11073.00000000,11757.22000000,56321.85828100,1562975999999,649824820.76548135,537561,30291.11935600,349517968.90387331,0
193,1562976000000,11757.22000000,11799.98000000,10830.00000000,11355.76000000,54245.59454800,1563062399999,614050007.99194520,510305,26460.05823600,299649536.39435350,0
194,1563062400000,11355.78000000,11452.00000000,10103.00000000,10174.18000000,72517.57923600,1563148799999,777646151.60294671,649043,35853.69216000,384643236.23562616,0
195,1563148800000,10174.18000000,11100.00000000,9860.00000000,10838.72000000,81922.42633200,1563235199999,851028723.70318576,732206,41714.18965500,433767828.49457312,0
196,1563235200000,10833.78000000,11028.00000000,9350.01000000,9439.59000000,97219.44341300,1563321599999,982462166.69322945,796646,47295.94404800,478852520.00356246,0
197,1563321600000,9430.17000000,9957.00000000,9060.00000000,9667.92000000,84942.67271700,1563407999999,809555508.34767892,757742,43073.11514600,410754257.70738602,0
198,1563408000000,9668.86000000,10788.00000000,9252.00000000,10627.16000000,80283.31025200,1563494399999,807822745.18543276,734821,42103.34474500,423743857.79454611,0
199,1563494400000,10628.64000000,10769.71000000,10121.84000000,10504.29000000,56546.93213300,1563580799999,589931612.34198640,567735,29070.35747400,303508985.60686395,0
200,1563580800000,10505.78000000,11068.99000000,10350.00000000,10740.23000000,47331.89984800,1563667199999,505569016.35008299,461660,25003.62155000,267188169.93959161,0
201,1563667200000,10740.27000000,10817.90000000,10288.00000000,10589.45000000,38834.28793500,1563753599999,409661485.99856461,395452,20345.52738400,214610701.20268620,0
202,1563753600000,10590.15000000,10683.16000000,10100.00000000,10340.31000000,40467.95483900,1563839999999,421016379.36208768,389565,19335.41190000,201324461.22845032,0
203,1563840000000,10343.08000000,10343.97000000,9822.00000000,9864.91000000,47624.37071000,1563926399999,478441909.40505734,448147,24082.30912900,241965620.20266604,0
204,1563926400000,9864.78000000,9937.00000000,9525.00000000,9763.28000000,43475.38037700,1564012799999,422534162.14571223,424762,21963.77353700,213526693.38815349,0
205,1564012800000,9763.40000000,10175.00000000,9720.03000000,9879.87000000,37873.35472800,1564099199999,378938450.08176742,368176,19308.01142600,193241603.01232005,0
206,1564099200000,9882.15000000,9889.98000000,9637.00000000,9824.00000000,27167.46321700,1564185599999,265108103.13392133,299935,14006.62943400,136688126.95394775,0
207,1564185600000,9824.00000000,10188.66000000,9333.00000000,9476.52000000,43809.77830100,1564271999999,424932724.96873150,401418,21428.05231800,208090741.11042415,0
208,1564272000000,9478.92000000,9594.99000000,9165.00000000,9541.54000000,29401.02293700,1564358399999,278537286.13481345,271327,17116.43313200,162267204.15845968,0
209,1564358400000,9541.54000000,9729.00000000,9395.00000000,9507.64000000,29021.93741100,1564444799999,277497756.76841674,294468,16075.16697100,153791418.10329246,0
210,1564444800000,9509.07000000,9714.28000000,9402.00000000,9574.21000000,32536.36883400,1564531199999,310867928.28793913,283961,17211.00965300,164621319.04418956,0
211,1564531200000,9575.00000000,10109.80000000,9555.00000000,10080.53000000,39515.35456000,1564617599999,389690761.44466112,364212,21235.60960400,209506872.50921800,0
212,1564617600000,10080.53000000,10467.86000000,9863.46000000,10374.99000000,41727.63702800,1564703999999,422156523.66900791,378062,22244.91946700,225207082.39426738,0
213,1564704000000,10375.00000000,10670.00000000,10281.35000000,10523.75000000,42990.44422100,1564790399999,450323284.15075973,431322,22206.13509300,232638457.60696326,0
214,1564790400000,10523.75000000,10904.77000000,10497.93000000,10816.86000000,33802.31882400,1564876799999,363852799.87178007,348893,18132.52970700,195125820.47946514,0
215,1564876800000,10816.86000000,11040.00000000,10552.00000000,10929.23000000,39924.74514100,1564963199999,431793873.42329756,353721,22066.36825700,238959952.23516081,0
216,1564963200000,10929.99000000,11937.52000000,10927.80000000,11828.80000000,65153.67371300,1565049599999,757976547.21704611,622610,33530.07066000,389969213.39891764,0
217,1565049600000,11830.00000000,12330.70000000,11226.70000000,11481.69000000,76705.38987500,1565135999999,904119081.61571263,625827,37522.11697200,442937542.04071641,0
218,1565136000000,11481.69000000,12141.17000000,11382.84000000,11975.03000000,69173.39035300,1565222399999,814597979.05050404,592916,36357.22591800,428496665.57006503,0
219,1565222400000,11975.04000000,12060.00000000,11521.00000000,11999.77000000,51207.25717400,1565308799999,604389131.06283610,473584,27463.20076300,324785966.12659640,0
220,1565308800000,11994.17000000,12045.68000000,11700.00000000,11879.99000000,39427.15258800,1565395199999,467011047.94142844,410902,20074.42191100,238009297.57960402,0
221,1565395200000,11879.98000000,11985.00000000,11270.00000000,11309.31000000,42633.08704800,1565481599999,492217964.49055574,399237,17111.12507600,197997879.10911432,0
222,1565481600000,11309.24000000,11600.00000000,11112.11000000,11549.97000000,26772.90691000,1565567999999,304862403.35144906,306234,15007.43820000,171032610.99181714,0
223,1565568000000,11539.08000000,11577.89000000,11235.32000000,11396.08000000,17568.22707500,1565654399999,200325471.60414099,255966,9200.43087900,104948602.15277771,0
224,1565654400000,11398.35000000,11456.16000000,10788.45000000,10892.71000000,33234.72968000,1565740799999,368994475.54611235,337834,13483.55870000,149693332.12683108,0
225,1565740800000,10893.36000000,10897.48000000,9928.10000000,10050.37000000,54451.84749900,1565827199999,567724729.10590593,534507,26080.63138100,271971667.55098168,0
226,1565827200000,10055.16000000,10460.00000000,9911.00000000,10293.93000000,38174.45112000,1565913599999,387705855.08791121,373368,19588.08291800,199059445.60425642,0
227,1565913600000,10296.77000000,10536.03000000,9750.00000000,10331.54000000,51758.14291800,1565999999999,527258446.39777652,504740,25818.03153700,263301246.89849174,0
228,1566000000000,10331.15000000,10465.14000000,10000.00000000,10216.02000000,29000.58120100,1566086399999,297776329.03058246,332795,14672.94974000,150792759.34523310,0
229,1566086400000,10216.05000000,10500.00000000,10080.00000000,10306.78000000,24085.39517200,1566172799999,248508872.45998642,265705,12961.47855700,133774771.71696787,0
230,1566172800000,10306.17000000,10930.00000000,10258.60000000,10915.54000000,37243.31921700,1566259199999,396233441.02745958,337022,20591.43657200,219085855.34458049,0
231,1566259200000,10914.73000000,10949.96000000,10560.00000000,10760.51000000,32298.92167900,1566345599999,346664453.13672654,305065,16017.54472900,172082522.17892725,0
232,1566345600000,10760.51000000,10804.13000000,9858.00000000,10142.57000000,47355.71928200,1566431999999,482889274.51791698,458814,21565.83056100,219533134.86528105,0
233,1566432000000,10140.82000000,10242.00000000,9762.00000000,10099.88000000,34059.64273800,1566518399999,341371442.90683880,401148,17921.95430000,179746967.23521429,0
234,1566518400000,10099.90000000,10445.00000000,10019.79000000,10389.55000000,27550.33617300,1566604799999,282732431.75207238,326866,14798.81633800,151926638.08027624,0
235,1566604800000,10388.16000000,10419.42000000,9890.00000000,10134.35000000,27692.45684400,1566691199999,279962133.62570987,313227,13623.56484100,137726211.36364345,0
236,1566691200000,10134.61000000,10333.00000000,9906.97000000,10142.69000000,26271.65739800,1566777599999,265132761.31704284,289956,12885.71773500,130202473.09027293,0
237,1566777600000,10142.69000000,10604.00000000,10137.93000000,10372.25000000,41687.51159900,1566863999999,432249835.49069725,405316,22666.59545200,235202578.43601217,0
238,1566864000000,10373.60000000,10391.08000000,10051.08000000,10185.05000000,28402.77538300,1566950399999,289340681.07895178,292888,13852.44213800,141207845.02919283,0
239,1566950400000,10185.69000000,10299.00000000,9601.01000000,9721.00000000,42110.55537500,1567036799999,420034883.00315258,381293,19430.82257300,194055407.18003406,0
240,1567036800000,9721.00000000,9724.00000000,9320.00000000,9498.44000000,35532.69491000,1567123199999,337838761.55728653,343887,17536.26844800,166811264.08255094,0
241,1567123200000,9499.01000000,9696.00000000,9350.41000000,9584.54000000,26834.31810400,1567209599999,255854874.45077452,259270,14227.87285100,135696420.41983487,0
242,1567209600000,9582.76000000,9684.51000000,9420.75000000,9587.47000000,17130.29007400,1567295999999,164116756.46299691,199188,8558.14821400,82010834.33875087,0
243,1567296000000,9588.74000000,9830.00000000,9520.00000000,9724.98000000,19545.40484300,1567382399999,188513289.12235729,191324,11545.61059800,111464034.38112413,0
244,1567382400000,9723.59000000,10450.00000000,9712.50000000,10340.00000000,44740.24809300,1567468799999,448462178.63038095,354155,25140.29612500,251933840.30794755,0
245,1567468800000,10340.00000000,10773.00000000,10272.00000000,10615.28000000,47998.37678100,1567555199999,505617667.39926684,416076,24734.30326400,260488377.88812712,0
246,1567555200000,10611.85000000,10799.00000000,10369.89000000,10567.02000000,43943.88902600,1567641599999,463526509.32593700,383457,22244.06765600,234731325.60204142,0
247,1567641600000,10565.92000000,10900.00000000,10450.00000000,10564.49000000,33970.96063900,1567727999999,358861340.78979007,309846,16535.14780700,174901090.47337497,0
248,1567728000000,10563.13000000,10905.87000000,10150.00000000,10298.73000000,58799.64095900,1567814399999,623662984.38433060,455334,29952.94442700,318275724.07277407,0
249,1567814400000,10298.71000000,10558.00000000,10288.57000000,10455.88000000,27637.87739200,1567900799999,287851131.18025769,272011,14673.48921600,152825898.95080234,0
250,1567900800000,10455.90000000,10592.50000000,10208.00000000,10381.18000000,23984.67201800,1567987199999,249900964.37153130,237752,10588.59245800,110370036.72549054,0
251,1567987200000,10381.24000000,10480.00000000,10068.50000000,10303.12000000,39835.72760800,1568073599999,409724831.94712268,330459,18729.47268400,192814736.82347485,0
252,1568073600000,10302.58000000,10384.99000000,9953.00000000,10098.15000000,28915.41222500,1568159999999,294323839.50700761,286763,13432.25682200,136876441.42321573,0
253,1568160000000,10098.19000000,10293.00000000,9880.00000000,10158.33000000,31953.82456200,1568246399999,321637085.47650871,309120,16583.81309700,167086058.18780477,0
254,1568246400000,10158.75000000,10448.81000000,10040.00000000,10415.01000000,34511.16275500,1568332799999,353390090.96777732,317881,18550.85320200,190066356.88701728,0
255,1568332800000,10415.01000000,10439.00000000,10153.00000000,10342.06000000,30280.33977600,1568419199999,311632094.25618850,304947,16763.85466300,172561765.65306618,0
256,1568419200000,10344.13000000,10419.99000000,10222.33000000,10335.02000000,23621.53351900,1568505599999,244063007.09022474,253929,13495.98669100,139491411.26572924,0
257,1568505600000,10332.81000000,10360.00000000,10252.15000000,10302.01000000,18047.65401300,1568591999999,185853330.43704256,194733,8221.80305500,84690636.88555922,0
258,1568592000000,10303.34000000,10355.00000000,10078.00000000,10251.31000000,28971.40165700,1568678399999,296325130.17090132,274368,13385.30225300,137008707.88664533,0
259,1568678400000,10249.68000000,10275.00000000,10128.01000000,10187.82000000,22914.32456300,1568764799999,233944812.56050799,287483,11195.43067300,114314296.20572508,0
260,1568764800000,10187.48000000,10258.02000000,10100.00000000,10156.99000000,24250.24930300,1568851199999,247024351.59799171,299466,11753.10911100,119777298.85924058,0
261,1568851200000,10156.41000000,10325.00000000,9653.00000000,10244.29000000,44826.28257900,1568937599999,447676492.98402635,429727,22623.28776300,226404409.68236710,0
262,1568937600000,10243.70000000,10281.00000000,10061.39000000,10168.59000000,25088.49106900,1569023999999,255205290.21183727,267032,12054.38488800,122687240.60518866,0
263,1569024000000,10167.92000000,10176.70000000,9900.00000000,9986.39000000,20544.17519600,1569110399999,206034034.50803514,245439,9285.85147900,93152981.29234466,0
264,1569110400000,9985.15000000,10089.00000000,9853.97000000,10028.87000000,22049.27525600,1569196799999,220133631.61284170,253713,11200.61192100,111864717.13240463,0
265,1569196800000,10028.05000000,10049.99000000,9615.77000000,9702.25000000,31937.23235600,1569283199999,314390584.62646132,332817,14940.11249600,147108768.54457945,0
266,1569283200000,9702.20000000,9794.99000000,7800.00000000,8493.14000000,94007.34520300,1569369599999,838996309.16112820,748712,42986.25312700,383608082.56863165,0
267,1569369600000,8497.55000000,8730.00000000,8215.64000000,8430.05000000,60783.89225800,1569455999999,512437200.36110440,544806,30489.47199400,257118054.54903361,0
268,1569456000000,8430.05000000,8465.99000000,7750.00000000,8063.73000000,67930.85374900,1569542399999,552794530.86668199,522062,33363.51365000,271728779.69954551,0
269,1569542400000,8063.49000000,8265.00000000,7852.15000000,8177.91000000,43882.92462500,1569628799999,352800745.20792857,369518,23224.86113500,186790633.03646185,0
270,1569628800000,8177.47000000,8315.00000000,8001.09000000,8198.81000000,34473.60516500,1569715199999,280672404.68049548,319113,18215.03986300,148326185.32000544,0
271,1569715200000,8199.38000000,8229.13000000,7890.00000000,8043.82000000,31544.21138800,1569801599999,253660600.32529288,322501,15507.40078100,124764250.17575432,0
272,1569801600000,8043.04000000,8337.26000000,7710.00000000,8289.34000000,55865.48726000,1569887999999,449120676.84276034,455556,29052.01095100,233783108.23169308,0
273,1569888000000,8289.97000000,8500.00000000,8173.05000000,8292.44000000,43472.41809100,1569974399999,362980689.87999125,387653,22518.98439500,188065394.22718111,0
274,1569974400000,8292.67000000,8373.91000000,8151.22000000,8359.94000000,26243.38664400,1570060799999,216325351.85864461,261430,13652.36085000,112568257.13363141,0
275,1570060800000,8360.00000000,8393.00000000,8060.00000000,8223.96000000,30488.28405800,1570147199999,250291751.27141390,281307,15321.40753500,125826457.09252053,0
276,1570147200000,8224.43000000,8232.41000000,8005.00000000,8137.13000000,26476.33040400,1570233599999,215325611.68221507,259012,13236.81025500,107708233.74574784,0
277,1570233600000,8137.09000000,8183.41000000,8012.98000000,8126.19000000,21907.61556400,1570319999999,177252877.00296909,237769,10620.06982200,85943843.84390094,0
278,1570320000000,8127.55000000,8153.87000000,7785.00000000,7854.25000000,34676.10404900,1570406399999,275447898.03287501,325795,16437.31014100,130619830.63356862,0
279,1570406400000,7855.30000000,8299.92000000,7762.00000000,8190.09000000,52202.07229700,1570492799999,420921679.84426315,482605,28088.64970400,226592301.64382157,0
280,1570492800000,8190.82000000,8325.00000000,8088.75000000,8168.39000000,35452.65742300,1570579199999,290675248.14144530,395685,16893.73714000,138551354.17557934,0
281,1570579200000,8170.79000000,8670.00000000,8115.00000000,8560.74000000,55038.70437800,1570665599999,462845251.81361025,537805,29211.87169000,245678414.82929021,0
282,1570665600000,8562.15000000,8644.00000000,8414.52000000,8558.03000000,39137.94616700,1570751999999,333925412.30414180,406932,20587.71397100,175682847.81235146,0
283,1570752000000,8557.82000000,8779.51000000,8212.38000000,8258.50000000,50405.28441800,1570838399999,424413201.53293220,471818,24618.01713500,207347909.97597683,0
284,1570838400000,8257.95000000,8400.00000000,8250.00000000,8300.09000000,21339.33409800,1570924799999,177707852.59481888,280633,11644.42954400,96979920.39843419,0
285,1570924800000,8301.98000000,8451.37000000,8160.00000000,8275.01000000,27840.73995300,1571011199999,232149438.36395869,320051,14035.91465400,117101482.90464429,0
286,1571011200000,8275.24000000,8388.85000000,8203.00000000,8348.20000000,29810.66325300,1571097599999,247530733.18003484,345679,15273.00375500,126831374.41473168,0
287,1571097600000,8346.86000000,8403.00000000,8090.00000000,8159.29000000,32773.06247600,1571183999999,270727559.77701092,399447,16822.94001500,139031758.65565604,0
288,1571184000000,8159.30000000,8181.16000000,7917.00000000,7991.74000000,34733.59396600,1571270399999,279586845.53621386,421026,17198.82797600,138510455.77691367,0
289,1571270400000,7995.02000000,8124.92000000,7929.03000000,8070.58000000,29656.94915800,1571356799999,238343204.48251529,356490,15922.04605800,127960055.04589145,0
290,1571356800000,8070.71000000,8115.00000000,7816.01000000,7947.01000000,31353.18141600,1571443199999,248931322.10085052,399783,15692.63445000,124639536.56963075,0
291,1571443200000,7946.89000000,8098.10000000,7866.92000000,7948.01000000,26627.88938800,1571529599999,211909734.13572005,349746,13886.83824400,110541248.17503742,0
292,1571529600000,7949.87000000,8297.00000000,7870.00000000,8223.35000000,34286.45265400,1571615999999,275899861.65387123,396091,18042.42367700,145235373.21216156,0
293,1571616000000,8223.35000000,8333.00000000,8142.03000000,8197.27000000,30448.67953900,1571702399999,250117281.63661337,367169,16584.00038400,136247602.03863662,0
294,1571702400000,8197.28000000,8297.99000000,8000.00000000,8020.00000000,34651.82866300,1571788799999,283535483.41051363,384699,16767.03682400,137253195.95826291,0
295,1571788800000,8020.06000000,8047.59000000,7300.00000000,7466.62000000,63897.45709800,1571875199999,488220760.64641560,610241,28473.73030200,217502083.43670305,0
296,1571875200000,7468.47000000,7503.68000000,7337.99000000,7412.41000000,32714.38326500,1571961599999,243246414.94892389,403778,16705.37635500,124225722.47547963,0
297,1571961600000,7412.41000000,8799.00000000,7361.00000000,8655.02000000,90748.21817400,1572047999999,737329544.88351963,775418,49588.97661200,402740312.18785392,0
298,1572048000000,8655.88000000,10370.00000000,8470.38000000,9230.00000000,162588.58541300,1572134399999,1522244166.41084847,1185369,81590.33653100,764040095.62121791,0
299,1572134400000,9230.00000000,9794.98000000,9074.34000000,9529.93000000,93833.54160400,1572220799999,887438297.74626678,799978,47320.55467000,447629005.39656268,0
300,1572220800000,9528.23000000,9902.10000000,9160.00000000,9205.14000000,80174.21732300,1572307199999,759178942.94884192,681128,39754.68150100,376584590.21858095,0
301,1572307200000,9204.45000000,9550.00000000,9072.00000000,9407.62000000,64158.46244600,1572393599999,600611324.63569959,559589,32787.04917400,307062268.41991786,0
302,1572393600000,9407.62000000,9409.84000000,9001.01000000,9154.72000000,55241.78643400,1572479999999,506584830.03133233,524035,27416.56174800,251452283.20530460,0
303,1572480000000,9154.02000000,9405.00000000,8913.00000000,9140.85000000,54376.02490200,1572566399999,498152743.73480882,490183,27252.20353600,249802680.66380806,0
304,1572566400000,9140.86000000,9279.00000000,9030.00000000,9231.61000000,43594.81411500,1572652799999,398803069.00908462,478002,22843.60504200,209045155.88095699,0
305,1572652800000,9231.40000000,9373.74000000,9186.21000000,9289.52000000,28923.06082800,1572739199999,268119579.73009112,325421,15316.18786300,141991067.15333212,0
306,1572739200000,9289.85000000,9362.57000000,9066.14000000,9194.71000000,27894.37827900,1572825599999,256664259.66219141,326024,13611.80655800,125328511.00426772,0
307,1572825600000,9196.46000000,9513.68000000,9115.84000000,9393.35000000,45894.45627700,1572911999999,426792003.17490647,453749,24741.81592500,230142613.20752436,0
308,1572912000000,9392.40000000,9454.95000000,9175.76000000,9308.66000000,45935.87366500,1572998399999,428156963.07854693,492885,22809.23955800,212668961.37619617,0
309,1572998400000,9307.73000000,9440.91000000,9250.01000000,9339.05000000,37336.17037200,1573084799999,348607499.83121694,402997,18947.02412700,176929534.86037745,0
310,1573084800000,9339.16000000,9375.00000000,9101.00000000,9216.20000000,39117.47085300,1573171199999,361217475.05834649,401984,19603.52357200,181092296.04003776,0
311,1573171200000,9214.00000000,9261.00000000,8696.00000000,8773.73000000,62107.28924300,1573257599999,555589995.99358589,567331,30046.12929100,268900339.26312254,0
312,1573257600000,8773.74000000,8880.00000000,8724.88000000,8809.41000000,29469.48140500,1573343999999,259733491.82990895,326730,14990.42224600,132136096.26889738,0
313,1573344000000,8809.18000000,9147.19000000,8750.00000000,9039.47000000,34422.02979700,1573430399999,307316853.90375426,375946,17722.19709000,158219187.66195828,0
314,1573430400000,9040.16000000,9072.32000000,8618.68000000,8733.27000000,44888.05354500,1573516799999,394585996.32928712,415982,22111.94305700,194310323.85678739,0
315,1573516800000,8733.36000000,8888.00000000,8567.60000000,8821.94000000,40366.62947100,1573603199999,352675938.43059302,406765,20225.03456000,176773688.17197935,0
316,1573603200000,8821.91000000,8844.99000000,8702.00000000,8777.12000000,26810.11691800,1573689599999,235060554.12410157,281593,13524.99303500,118583622.59890504,0
317,1573689600000,8777.54000000,8800.00000000,8582.60000000,8646.68000000,33468.46896100,1573775999999,290104306.95303317,337019,16272.81678500,141092283.63703056,0
318,1573776000000,8646.38000000,8790.00000000,8400.00000000,8471.73000000,46087.41775100,1573862399999,394708981.31557231,423919,22568.29011700,193359510.76146770,0
319,1573862400000,8471.62000000,8543.00000000,8400.00000000,8491.02000000,20902.29975200,1573948799999,177222838.38564817,231473,10703.62978400,90759494.93371469,0
320,1573948800000,8490.74000000,8635.00000000,8350.68000000,8502.40000000,27009.03708200,1574035199999,229995700.81158423,259594,13607.51617900,115878483.61499645,0
321,1574035200000,8502.87000000,8503.52000000,8060.00000000,8187.17000000,43017.69094000,1574121599999,358706174.82521841,366263,20525.11692400,171255974.96099598,0
322,1574121600000,8186.50000000,8218.63000000,8003.00000000,8133.64000000,43556.06102500,1574207999999,353463792.04443395,357382,21816.72508400,177061624.17883486,0
323,1574208000000,8133.83000000,8264.29000000,8038.40000000,8098.01000000,32466.23098000,1574294399999,263387575.48592199,288843,16751.18645900,135913703.28376596,0
324,1574294400000,8098.56000000,8134.73000000,7500.00000000,7627.74000000,58418.78026100,1574380799999,455166676.27818021,430062,26902.36985100,209669250.00512216,0
325,1574380800000,7627.79000000,7750.00000000,6790.00000000,7268.23000000,126603.14025900,1574467199999,917881536.26208392,817604,60867.91218200,441369226.60627317,0
326,1574467200000,7268.23000000,7344.48000000,7080.01000000,7311.57000000,50449.89475500,1574553599999,364446217.37376043,414045,25882.63146600,187044325.06936933,0
327,1574553600000,7311.10000000,7330.39000000,6861.00000000,6903.28000000,67890.20648300,1574639999999,481922941.32697582,446014,33387.52869500,237048588.06349042,0
328,1574640000000,6900.23000000,7377.69000000,6515.00000000,7109.57000000,119645.73519700,1574726399999,831628458.30490691,679721,60533.39361300,421590444.06566384,0
329,1574726400000,7109.99000000,7340.00000000,7017.48000000,7156.14000000,65722.39769000,1574812799999,469602476.91268085,433933,33301.34994100,237985219.12113364,0
330,1574812800000,7154.75000000,7655.00000000,6840.00000000,7508.52000000,92452.87349000,1574899199999,671646609.16955084,582055,47058.02874400,342164140.18315736,0
331,1574899200000,7507.90000000,7643.00000000,7360.00000000,7419.49000000,56933.98110900,1574985599999,427572714.94560073,388953,28876.70895200,216954965.99168930,0
332,1574985600000,7418.52000000,7850.00000000,7362.30000000,7739.68000000,60745.30087300,1575071999999,463006956.68515143,412929,31576.88619000,240751084.86781706,0
333,1575072000000,7740.99000000,7810.00000000,7441.00000000,7541.89000000,46989.43361900,1575158399999,358749026.36075541,346506,23743.61033700,181318684.76790961,0
334,1575158400000,7540.63000000,7541.85000000,7210.00000000,7390.89000000,60769.34231300,1575244799999,446524917.20597040,420573,31120.00293200,228709227.47478201,0
335,1575244800000,7391.50000000,7420.56000000,7151.10000000,7294.28000000,46330.25604000,1575331199999,337889295.51018099,326881,24043.61639300,175417845.96777071,0
336,1575331200000,7294.42000000,7400.00000000,7241.35000000,7292.71000000,33149.47748700,1575417599999,242379261.10434754,265391,16639.29483700,121693871.29329204,0
337,1575417600000,7292.71000000,7750.00000000,7067.00000000,7194.32000000,83147.14914200,1575503999999,608623482.75992315,516158,41867.07805700,306621278.81212719,0
338,1575504000000,7194.59000000,7485.00000000,7150.00000000,7389.00000000,59306.67885500,1575590399999,434738864.78401241,430359,30794.87400900,225785929.45196422,0
339,1575590400000,7389.00000000,7590.03000000,7305.00000000,7527.47000000,48189.08794400,1575676799999,356905919.01555993,367854,25901.01433400,191894551.37719464,0
340,1575676800000,7527.80000000,7619.62000000,7470.16000000,7488.21000000,31498.68417300,1575763199999,237000924.85530462,263592,16179.18492200,121730405.77530764,0
341,1575763200000,7487.31000000,7564.00000000,7374.86000000,7510.11000000,29856.89763100,1575849599999,223314325.61846468,257514,15295.64625000,114410839.18893658,0
342,1575849600000,7510.11000000,7650.00000000,7273.00000000,7338.64000000,46621.88749300,1575935999999,347471155.48268330,359648,23733.12631700,176936408.77023645,0
343,1575936000000,7338.64000000,7407.60000000,7157.10000000,7224.13000000,49723.76214000,1576022399999,363127435.39551666,439637,24739.06415300,180700991.44760172,0
344,1576022400000,7224.15000000,7275.50000000,7125.66000000,7210.00000000,30093.09194400,1576108799999,217095653.86658926,268269,15475.53917200,111646214.45842433,0
345,1576108800000,7210.00000000,7295.00000000,7080.30000000,7198.08000000,42288.60093200,1576195199999,303657479.49269097,331414,20847.38402600,149736412.31992898,0
346,1576195200000,7197.76000000,7309.05000000,7190.76000000,7258.48000000,27609.87379500,1576281599999,199836160.23365225,252135,14299.03325600,103507284.73033177,0
347,1576281600000,7257.37000000,7271.77000000,7012.00000000,7064.05000000,29561.98596700,1576367999999,211004228.01585397,276819,14397.27374300,102799669.53690346,0
348,1576368000000,7064.14000000,7200.30000000,7008.35000000,7118.59000000,26395.77813700,1576454399999,187402764.56353110,262651,13778.88014600,97846824.91339022,0
349,1576454400000,7119.60000000,7150.00000000,6836.00000000,6891.72000000,43863.99305900,1576540799999,307508569.89251376,371202,21512.68837100,150883357.87501083,0
350,1576540800000,6891.44000000,6942.21000000,6560.00000000,6623.82000000,53865.06992900,1576627199999,364087469.82227792,454097,26510.45395100,179268531.68762408,0
351,1576627200000,6623.84000000,7440.00000000,6435.00000000,7277.83000000,95636.65125100,1576713599999,654057202.15882882,714073,49843.65081700,341707270.92404456,0
352,1576713600000,7277.83000000,7380.00000000,7038.31000000,7150.30000000,55509.04907500,1576799999999,397407677.05856507,439761,27456.52827200,196558003.60942764,0
353,1576800000000,7151.31000000,7220.00000000,7079.50000000,7187.83000000,32132.06920500,1576886399999,229842650.42149539,312766,16641.05268900,119044689.29161471,0
354,1576886400000,7188.01000000,7190.58000000,7105.00000000,7132.75000000,19467.17402800,1576972799999,139069157.08645769,212162,10119.76101200,72297064.99889134,0
355,1576972800000,7131.59000000,7518.54000000,7122.47000000,7501.44000000,39137.45515000,1577059199999,285577206.94063478,356612,20625.43673200,150554135.68143037,0
356,1577059200000,7500.71000000,7695.38000000,7265.84000000,7317.09000000,68051.99720300,1577145599999,510710431.76686034,530669,33444.24377200,251116788.72529315,0
357,1577145600000,7317.30000000,7436.68000000,7157.04000000,7255.77000000,43629.49418800,1577231999999,318428019.00090993,384678,21552.75120600,157326354.03834855,0
358,1577232000000,7255.77000000,7271.77000000,7128.86000000,7204.63000000,27492.04432300,1577318399999,198273303.10954585,289924,14433.03899100,104115922.41287489,0
359,1577318400000,7205.01000000,7435.00000000,7157.12000000,7202.00000000,36259.76107600,1577404799999,263289798.95618758,337695,18887.86566500,137178762.78933651,0
360,1577404800000,7202.00000000,7275.86000000,7076.42000000,7254.74000000,33642.70186100,1577491199999,242214722.72289035,297262,16882.39676800,121593559.33506629,0
361,1577491200000,7254.77000000,7365.01000000,7238.67000000,7316.14000000,26848.98219900,1577577599999,196322192.43800189,272607,13894.47624200,101598406.02770426,0
362,1577577600000,7315.36000000,7528.45000000,7288.00000000,7388.24000000,31387.10608500,1577663999999,231731575.82821695,283213,15999.77782800,118139507.92862746,0
363,1577664000000,7388.43000000,7408.24000000,7220.00000000,7246.00000000,29605.91178200,1577750399999,216508875.51767525,279033,13768.25666400,100676879.90295008,0
364,1577750400000,7246.00000000,7320.00000000,7145.01000000,7195.23000000,25954.45353300,1577836799999,187518399.34504001,251976,12595.93034700,91036201.13783441,0
365,1577836800000,7195.24000000,7255.00000000,7175.15000000,7200.85000000,16792.38816500,1577923199999,121214452.11606228,194010,8946.95553500,64597785.21233434,0
366,1577923200000,7200.77000000,7212.50000000,6924.74000000,6965.71000000,31951.48393200,1578009599999,225982341.30114030,302667,15141.61134000,107060829.07806464,0
367,1578009600000,6965.49000000,7405.00000000,6871.04000000,7344.96000000,68428.50045100,1578095999999,495098582.96203543,519854,35595.49627300,257713113.85172859,0
368,1578096000000,7345.00000000,7404.00000000,7272.21000000,7354.11000000,29987.97497700,1578182399999,219874240.93994811,279370,16369.38224800,120035111.72407165,0
369,1578182400000,7354.19000000,7495.00000000,7318.00000000,7358.75000000,38331.08560400,1578268799999,284848683.78917621,329209,19455.36956400,144600094.38965074,0
370,1578268800000,7357.64000000,7795.34000000,7346.76000000,7758.00000000,54635.69531600,1578355199999,413330481.22604919,449937,28853.76777000,218411610.65942464,0
371,1578355200000,7758.90000000,8207.68000000,7723.71000000,8145.28000000,91171.68466100,1578441599999,724202791.14296263,685315,46192.11154900,366866967.61393177,0
372,1578441600000,8145.92000000,8455.00000000,7870.00000000,8055.98000000,112622.64264000,1578527999999,926410232.60450582,830375,55071.10951400,453284250.45453957,0
373,1578528000000,8054.72000000,8055.96000000,7750.00000000,7817.76000000,64239.51983000,1578614399999,507258250.47487964,478800,31645.75922100,249899679.33440103,0
374,1578614400000,7817.74000000,8199.00000000,7672.00000000,8197.02000000,82406.77744800,1578700799999,652774220.38843703,606101,42361.75530700,335845385.67483303,0
375,1578700800000,8198.86000000,8286.34000000,8003.16000000,8020.01000000,54810.03266700,1578787199999,445034349.56470204,469131,27916.12497400,226716001.44288607,0
376,1578787200000,8020.01000000,8197.00000000,7960.00000000,8184.98000000,38131.49433600,1578873599999,309351920.45885002,350662,19718.54109600,159972663.99291870,0
377,1578873600000,8184.97000000,8196.00000000,8055.89000000,8110.34000000,31159.75568300,1578959999999,252656965.35815013,289144,15215.22650100,123407351.91807934,0
378,1578960000000,8110.34000000,8880.00000000,8105.54000000,8810.01000000,120399.12674200,1579046399999,1032735180.86587384,915328,62492.09667600,536081638.05418570,0
379,1579046400000,8814.64000000,8916.48000000,8564.00000000,8821.41000000,84816.29760600,1579132799999,743712237.27908164,764048,42493.55102600,372770745.17929917,0
380,1579132800000,8820.01000000,8859.81000000,8586.00000000,8720.01000000,51991.07428400,1579219199999,451752380.28108111,543064,25996.30135000,225914888.37777233,0
381,1579219200000,8720.15000000,9041.65000000,8672.44000000,8913.28000000,70897.73737700,1579305599999,629568740.70700897,676403,36139.80884500,320997160.95891669,0
382,1579305600000,8913.27000000,8988.88000000,8806.38000000,8915.96000000,38294.74654500,1579391999999,340852837.91608031,458182,19421.29531300,172895403.23974317,0
383,1579392000000,8915.09000000,9198.98000000,8466.00000000,8701.70000000,70676.88925900,1579478399999,623950864.27629280,615665,33655.94324100,297282818.09315907,0
384,1579478400000,8701.72000000,8746.99000000,8521.28000000,8642.35000000,38896.63974600,1579564799999,336447837.00180591,385006,19453.86378200,168293007.48754648,0
385,1579564800000,8642.35000000,8789.00000000,8488.00000000,8736.03000000,36494.68765900,1579651199999,316056704.98473800,365621,18731.87163700,162303157.94279355,0
386,1579651200000,8736.04000000,8818.00000000,8590.00000000,8682.36000000,29080.55713800,1579737599999,252638888.21492550,317424,14477.15751200,125794389.99554266,0
387,1579737600000,8682.77000000,8691.81000000,8306.39000000,8404.52000000,48165.94459700,1579823999999,407428808.67533703,464805,23287.71244400,196965082.04041370,0
388,1579824000000,8404.52000000,8528.02000000,8238.00000000,8439.00000000,41687.52952900,1579910399999,349874174.79003938,407271,21293.48958600,178752179.11477745,0
389,1579910400000,8438.99000000,8451.26000000,8254.90000000,8340.58000000,25521.15793200,1579996799999,212869245.63589778,283118,13076.75278600,109098245.22427255,0
390,1579996800000,8340.01000000,8618.13000000,8293.66000000,8615.00000000,31130.48516400,1580083199999,263941925.27299900,332612,15797.91126700,133936210.14356350,0
391,1580083200000,8614.39000000,9000.00000000,8535.00000000,8907.57000000,53973.54299600,1580169599999,473194952.80446884,514196,28592.32652100,250794158.80919072,0
392,1580169600000,8907.57000000,9400.00000000,8862.40000000,9374.21000000,74584.85376500,1580255999999,676593159.48233962,616678,38852.36324600,352558461.21538207,0
393,1580256000000,9375.34000000,9449.24000000,9216.00000000,9301.53000000,53864.06512200,1580342399999,503188568.83635783,492545,26615.65132900,248688826.41119043,0
394,1580342400000,9301.57000000,9578.00000000,9204.44000000,9513.21000000,60626.74425900,1580428799999,569652869.81968368,529570,30852.55545000,290043577.43928681,0
395,1580428800000,9511.52000000,9530.22000000,9210.01000000,9352.89000000,45552.02235200,1580515199999,425779010.40653666,428547,22482.47089900,210150300.22227438,0
396,1580515200000,9351.71000000,9464.53000000,9281.00000000,9384.61000000,28578.06735400,1580601599999,268137739.99333750,334972,14679.12630500,137764121.89168733,0
397,1580601600000,9384.41000000,9477.03000000,9120.00000000,9331.51000000,45690.91254000,1580687999999,428064088.69046830,446558,22588.40606000,211808205.79156946,0
398,1580688000000,9331.59000000,9618.79000000,9234.00000000,9292.24000000,50892.13345100,1580774399999,476379993.49247244,492124,24781.39769600,232065946.53854197,0
399,1580774400000,9291.35000000,9350.00000000,9093.01000000,9197.02000000,53308.17526600,1580860799999,491136137.21076251,528930,26103.43230700,240571508.24015159,0
400,1580860800000,9197.02000000,9744.45000000,9177.22000000,9612.04000000,64870.41561500,1580947199999,613540574.78183120,661758,35375.60520200,334620486.13736696,0
401,1580947200000,9612.03000000,9862.57000000,9526.35000000,9772.00000000,64949.70658800,1581033599999,631245079.82238119,682179,32143.45464700,312506614.38662455,0
402,1581033600000,9772.00000000,9885.00000000,9730.00000000,9813.73000000,43966.11463200,1581119999999,430744860.18143928,582249,22733.98818600,222761439.95578878,0
403,1581120000000,9813.87000000,9940.00000000,9667.11000000,9895.05000000,43600.84366600,1581206399999,427781790.20081596,514573,22664.38183700,222438123.84668740,0
404,1581206400000,9895.04000000,10166.00000000,9880.75000000,10151.75000000,43408.47561600,1581292799999,437441704.90539635,536848,22408.27732700,225799470.00274661,0
405,1581292800000,10151.72000000,10188.00000000,9756.00000000,9851.83000000,59573.08461900,1581379199999,590091358.44290697,690308,28618.88324500,283509329.43681316,0
406,1581379200000,9851.74000000,10323.59000000,9700.00000000,10223.08000000,62422.39522400,1581465599999,624970415.40547413,710170,31905.31642000,319373572.87250502,0
407,1581465600000,10223.08000000,10450.00000000,10223.08000000,10326.46000000,61008.06393000,1581551999999,629756037.51607864,857655,31141.80770000,321525481.54140180,0
408,1581552000000,10325.33000000,10500.00000000,10080.00000000,10229.63000000,79344.35875900,1581638399999,815507473.73536100,932802,38475.27254800,395629173.03862326,0
409,1581638400000,10227.78000000,10381.56000000,10111.37000000,10344.36000000,47038.48017300,1581724799999,482455622.00362595,622310,23697.00549300,243079257.30551489,0
410,1581724800000,10344.36000000,10375.00000000,9801.00000000,9904.72000000,57657.20294700,1581811199999,580845331.17478468,739781,26758.58032300,269731775.50315572,0
411,1581811200000,9904.46000000,10050.00000000,9638.12000000,9917.27000000,60023.99953700,1581897599999,592584876.90408609,708070,29406.13683900,290482773.25193714,0
412,1581897600000,9910.70000000,9964.16000000,9452.67000000,9706.00000000,70261.01190100,1581983999999,680009637.61599533,778058,33221.83924100,321724146.09734819,0
413,1581984000000,9706.00000000,10250.00000000,9576.01000000,10164.71000000,70604.12401900,1582070399999,696870122.81260796,723413,37303.99632600,368380176.64872573,0
414,1582070400000,10164.78000000,10250.00000000,9350.00000000,9593.79000000,55162.58689500,1582156799999,547679966.92922570,588760,25457.91648000,253188749.12823528,0
415,1582156800000,9594.65000000,9699.00000000,9400.00000000,9596.42000000,60152.34291400,1582243199999,576020107.46260181,667387,29843.20887500,285816414.87816031,0
416,1582243200000,9597.21000000,9755.51000000,9550.21000000,9677.05000000,42181.55452400,1582329599999,408286949.80352921,470599,21645.26761400,209532434.57633311,0
417,1582329600000,9677.05000000,9709.17000000,9560.02000000,9650.86000000,24636.75762300,1582415999999,237544283.22525856,319961,13267.24651100,127929552.99759819,0
418,1582416000000,9650.85000000,9990.00000000,9645.00000000,9936.40000000,37702.08984300,1582502399999,371815095.46744496,441935,20035.25054900,197592792.86246950,0
419,1582502400000,9936.40000000,9990.00000000,9473.56000000,9656.13000000,55796.59612000,1582588799999,542081527.64083289,589384,26426.93064400,256859539.02050738,0
420,1582588800000,9655.52000000,9675.00000000,9250.00000000,9315.84000000,54379.34455200,1582675199999,514946930.56602305,579079,26318.93415800,249358678.88131346,0
421,1582675200000,9316.48000000,9377.44000000,8633.63000000,8785.25000000,92130.34548200,1582761599999,830717784.37909491,871018,41928.87480900,378197861.58165483,0
422,1582761600000,8786.00000000,8971.77000000,8531.00000000,8823.21000000,72483.57876200,1582847999999,636955872.76254629,696646,35410.01449200,311229361.68385182,0
423,1582848000000,8823.25000000,8900.00000000,8445.00000000,8692.91000000,71155.20897700,1582934399999,615664817.01039124,655727,35295.60613500,305533926.98473354,0
424,1582934400000,8690.80000000,8790.00000000,8523.55000000,8523.61000000,36748.18303500,1583020799999,318585951.98853237,414175,18916.85455900,164044036.86872094,0
425,1583020800000,8523.61000000,8750.00000000,8411.00000000,8531.88000000,43892.20177900,1583107199999,375729315.25408258,472019,21838.36886600,186962259.70689059,0
426,1583107200000,8530.30000000,8965.75000000,8498.00000000,8915.24000000,60401.31773000,1583193599999,528906629.56281918,564535,31213.08060200,273395227.94832437,0
427,1583193600000,8911.18000000,8919.65000000,8651.00000000,8760.07000000,55154.99728200,1583279999999,484181096.32295575,512762,26954.22974500,236655810.14459231,0
428,1583280000000,8760.07000000,8848.29000000,8660.00000000,8750.87000000,38696.48257800,1583366399999,338849891.95293542,454817,19279.33119000,168832874.50723547,0
429,1583366400000,8750.99000000,9159.42000000,8746.54000000,9054.68000000,58201.86635500,1583452799999,524102029.20478296,619552,30482.08217100,274387102.91088936,0
430,1583452800000,9054.64000000,9170.00000000,8985.50000000,9131.88000000,43782.94804400,1583539199999,397598476.42056292,493216,22296.56050600,202484342.22117205,0
431,1583539200000,9130.89000000,9188.00000000,8835.00000000,8886.66000000,45422.20452500,1583625599999,409983263.78913797,485400,22281.71585500,201161181.30473225,0
432,1583625600000,8885.25000000,8886.76000000,8000.00000000,8033.31000000,77537.31516600,1583711999999,656931544.78216040,740741,34843.60784900,295351474.43544910,0
433,1583712000000,8034.76000000,8179.31000000,7632.01000000,7929.87000000,116968.86326800,1583798399999,918787729.08558386,929234,58020.95792700,455866837.30462256,0
434,1583798400000,7929.87000000,8149.00000000,7728.01000000,7894.56000000,86783.44387500,1583884799999,689700153.44909328,737528,43673.58402400,347117049.36196732,0
435,1583884800000,7894.57000000,7980.00000000,7590.00000000,7934.52000000,79942.41117200,1583971199999,624465167.36481883,699401,40497.89273800,316442882.75970132,0
436,1583971200000,7934.58000000,7966.17000000,4410.00000000,4800.00000000,261505.60865300,1584057599999,1628590104.22221324,1770812,119298.00619700,743481672.20376488,0
437,1584057600000,4800.01000000,5955.00000000,3782.13000000,5578.60000000,402201.67376400,1584143999999,2063819540.63899484,2309830,197511.95427300,1017423855.75574906,0
438,1584144000000,5576.05000000,5640.52000000,5055.13000000,5172.06000000,136910.13597400,1584230399999,736651880.92107893,1106125,66104.01972900,356020329.85217690,0
439,1584230400000,5172.48000000,5940.00000000,5093.10000000,5361.30000000,139916.14653400,1584316799999,753755706.42687720,1037714,70540.65095000,380499471.94982265,0
440,1584316800000,5360.33000000,5365.42000000,4442.12000000,5028.97000000,227276.92276000,1584403199999,1113690309.10158680,1608176,108901.96736600,533857910.81658686,0
441,1584403200000,5028.86000000,5525.00000000,4921.45000000,5312.64000000,150089.92631800,1584489599999,793147908.26849729,1069217,74698.37425400,394902319.12415861,0
442,1584489600000,5312.64000000,5436.17000000,5009.37000000,5393.04000000,137127.63489400,1584575999999,719748122.45301997,962843,65106.06777800,341970839.57798240,0
443,1584576000000,5393.26000000,6400.00000000,5252.53000000,6162.37000000,199020.87343900,1584662399999,1164739707.51423590,1403608,99011.94701100,579536547.75822434,0
444,1584662400000,6162.05000000,6269.24000000,6055.55000000,6124.78000000,14987.82756700,1584748799999,92460830.91846142,137367,6820.65769100,42094398.19259558,0
