Open,High,Low,Close,Label
9383.35,9435,9377.8,9429.86,9383.07
9428.55,9464.53,9403.27,9441.88,9429.86
9441.42,9457.14,9390.01,9432.33,9441.88
9431.75,9449.94,9400,9401.42,9432.33
9402.2,9414.37,9377.77,9381.12,9401.42
9381.13,9409.64,9378.85,9398.01,9381.12
9397.54,9454.77,9396.96,9423.01,9398.01
9423.02,9425.76,9380,9384.62,9423.01
9385.1,9398.71,9355,9387.87,9384.62
9387.44,9407,9358,9379.55,9387.87
9379.55,9385.82,9321.41,9354.66,9379.55
9354.65,9367.64,9281,9312.06,9354.66
9311.64,9372,9303.72,9345.35,9312.06
9345.19,9359.4,9305,9350.08,9345.35
9350,9375,9330.27,9333.91,9350.08
9333.73,9407.52,9327,9405.8,9333.91
9405.86,9420.98,9380.94,9381.48,9405.8
9381.51,9403,9356.01,9390.3,9381.48
9390.55,9392.25,9351.43,9367.09,9390.3
9367.76,9392.05,9353.01,9381.43,9367.09
9381.43,9381.8,9364.06,9379.99,9381.43
9379.4,9407.8,9350,9377.87,9379.99
9379.57,9409.99,9376.69,9384.61,9377.87
9384.41,9387.03,9320,9328.49,9384.61
9328.5,9347.81,9307.83,9336.43,9328.49
9334.81,9336.43,9245.75,9267.83,9336.43
9267.91,9295.06,9251.18,9266.83,9267.83
9266.79,9332.72,9120,9322.33,9266.83
9322.89,9346.08,9300,9311.43,9322.33
9310.72,9382,9289.08,9361.09,9311.43
9361.4,9385,9350.01,9370.53,9361.09
9370.53,9400,9346,9368.06,9370.53
9367.16,9385,9352.5,9380.6,9368.06
9380.65,9450,9380.55,9423.35,9380.6
9423.44,9443.08,9410,9435.54,9423.35
9435.79,9477.03,9402.04,9421.8,9435.54
9423.11,9430.56,9396.83,9421.99,9421.8
9421.84,9458.8,9363.89,9446.86,9421.99
9446.86,9464.52,9433.68,9446.77,9446.86
9446.8,9458.19,9417.96,9427.75,9446.77
9427.75,9449.5,9395.46,9430.73,9427.75
9430.73,9455,9428.02,9442.75,9430.73
9442.01,9460,9430.18,9438.08,9442.75
9437.9,9454.87,9419.38,9437.55,9438.08
9437.97,9447.24,9425,9441.5,9437.55
9440.62,9442.87,9374.53,9380,9441.5
9380.01,9417.39,9322,9331.51,9380
9331.59,9420.26,9288,9411.09,9331.51
9411.09,9618.79,9396.37,9510.76,9411.09
9510.76,9517.43,9320,9376.3,9510.76
9377.57,9397.14,9333.83,9385.59,9376.3
9386.24,9405.88,9368.43,9392.91,9385.59
9392.91,9426.6,9387.61,9401.8,9392.91
9401.98,9418,9385,9395.34,9401.8
9396.53,9396.67,9346.09,9368.16,9395.34
9368.16,9399.42,9351.38,9371.22,9368.16
9371.87,9374.49,9336.07,9344.16,9371.22
9344.17,9348.34,9308.19,9312.93,9344.16
9313.59,9398.99,9303.2,9351.48,9312.93
9352,9373.97,9335.11,9347.12,9351.48
9347.12,9350.53,9307,9331.05,9347.12
9331.5,9365.79,9302.01,9353.61,9331.05
9355.13,9355.13,9265,9270,9353.61
9270,9331.5,9255,9263.67,9270
9263.14,9304.02,9234,9293.37,9263.67
9293.29,9317.03,9259.47,9308.37,9293.37
9308.32,9318.79,9290.14,9316.7,9308.37
9316.04,9344.02,9297.02,9318.04,9316.7
9318.05,9318.09,9273.55,9287.58,9318.04
9286.47,9303.82,9260,9274.05,9287.58
9274.46,9319.99,9251.01,9292.24,9274.05
9291.35,9350,9290.63,9330.09,9292.24
9330.52,9344.02,9270,9275.97,9330.09
9276.65,9307.69,9276.65,9301.56,9275.97
9301.09,9305,9262.14,9282.95,9301.56
9282.96,9315.91,9255,9271.25,9282.95
9270.27,9295.94,9227.58,9289.34,9271.25
9288.21,9299,9250,9274.77,9289.34
9274.76,9318.89,9257,9278.63,9274.77
9278.63,9297.16,9238.2,9239.8,9278.63
9239.92,9327,9161,9172.16,9239.8
9172.16,9198.96,9153.78,9170.92,9172.16
9171.64,9249.9,9108,9182.81,9170.92
9182.81,9204.57,9100,9133.41,9182.81
9133.28,9159.66,9093.01,9157.85,9133.41
9157.85,9171.98,9115,9153.51,9157.85
9154.3,9236.72,9144,9206.47,9153.51
9207.02,9240,9200,9225.4,9206.47
9225.41,9232.55,9200.62,9228,9225.4
9228,9240,9173.9,9195.57,9228
9195.54,9208,9176,9186.37,9195.57
9186.72,9205.98,9151,9204.64,9186.37
9204.95,9207.02,9165.29,9169.09,9204.64
9169.09,9203.09,9161.18,9202.48,9169.09
9202.15,9220.19,9178.72,9197.02,9202.48
9197.02,9240,9185,9224.65,9197.02
9224.64,9245.87,9189.05,9189.6,9224.65
9190.97,9229.52,9177.22,9226.98,9189.6
9226.98,9242,9205.89,9239.19,9226.98
9239.19,9245,9216.75,9244.35,9239.19
9244.61,9289.99,9232.03,9276.43,9244.35
9277.48,9300,9263.84,9267,9276.43
9267,9298,9256.53,9274.53,9267
9274.39,9276.98,9232.75,9258.53,9274.53
9258.53,9276.92,9246.15,9254.68,9258.53
9254.74,9403.68,9250,9383.46,9254.68
9383.46,9421.75,9363.78,9418.48,9383.46
9419.17,9475.18,9414.35,9451.17,9418.48
9450.79,9466.65,9410,9448.87,9451.17
9448.87,9479,9412,9445.62,9448.87
9445.66,9494.2,9430.45,9485.08,9445.62
9484.22,9566.19,9472.3,9563,9485.08
9563,9568,9524.47,9560.52,9563
9560.55,9744.45,9560,9657.11,9560.52
9657.11,9715,9631.76,9655.99,9657.11
9655.93,9698.45,9653.56,9672.87,9655.99
9673.84,9725,9671.93,9692.5,9672.87
9692.5,9693.71,9608.27,9635,9692.5
9635.01,9671.22,9565.14,9612.04,9635
9612.03,9635.11,9526.35,9550.59,9612.04
9550.73,9634.99,9540,9634.5,9550.59
9634.83,9635.11,9568.57,9582.97,9634.5
9582.97,9650,9571,9635.7,9582.97
9635.2,9653.99,9617.1,9644.84,9635.7
9644.83,9664.93,9630,9637.15,9644.84
9637.48,9690,9607.52,9649.07,9637.15
9649.81,9697.78,9615.11,9628.8,9649.07
9629.85,9667.17,9605.55,9645.9,9628.8
9645.19,9665,9619.3,9662.24,9645.9
9662.24,9698,9647.35,9678.5,9662.24
9677.52,9707.21,9655,9698.89,9678.5
9698.66,9832.32,9698.66,9825.22,9698.89
9825.21,9862.56,9638,9744.19,9825.22
9744.83,9862.57,9681.44,9824.3,9744.19
9822.32,9830,9756,9786.88,9824.3
9786.87,9839.63,9750,9788.64,9786.88
9789.16,9810.7,9733.41,9771.57,9788.64
9771.87,9779.93,9717.85,9769.18,9771.57
9769.18,9778.1,9722.43,9747.29,9769.18
9747.29,9792,9739.17,9783.43,9747.29
9783.39,9801.98,9740,9750.19,9783.43
9750.23,9765.17,9685,9692.7,9750.19
9692.7,9777.67,9660,9772,9692.7
9772,9824.48,9752.65,9791.15,9772
9791.15,9829.72,9770.95,9808.04,9791.15
9808.55,9855,9786.17,9800,9808.04
9800,9828.47,9775,9779.78,9800
9779.73,9813.99,9741.17,9792.12,9779.78
9791.99,9819.99,9745.02,9756.7,9792.12
9758.01,9792.99,9745,9779.74,9756.7
9779.74,9810,9759.63,9801.83,9779.74
9801.83,9811.26,9766.31,9773.08,9801.83
9773.07,9810,9773.05,9793.48,9773.08
9794.38,9838.35,9791.79,9816.57,9793.48
9816.35,9885,9802.67,9809.33,9816.57
9810.01,9827.55,9730.54,9755.88,9809.33
9756.42,9800,9754.28,9782.04,9755.88
9782.84,9845,9780,9823.22,9782.04
9823.29,9834.99,9781.1,9802.02,9823.22
9802.01,9836.27,9764,9798.39,9802.02
9798.35,9810,9780,9781.03,9798.39
9781.03,9809.96,9780,9799.35,9781.03
9799.38,9802.14,9765,9775.59,9799.35
9775.08,9778.88,9740,9741.49,9775.59
9740.6,9778,9730,9759,9741.49
9758.98,9819,9757.82,9810.88,9759
9810.64,9831,9791.23,9813.73,9810.88
9813.87,9830.06,9769.81,9790,9813.73
9790,9795.4,9760,9786.43,9790
9786.42,9790.86,9706.74,9729.08,9786.43
9729.08,9729.73,9667.11,9714.11,9729.08
9714.14,9765,9700.02,9757.11,9714.11
9757.32,9780,9735.15,9760.99,9757.11
9761,9796.88,9751.81,9762.97,9760.99
9762.97,9779.09,9754.92,9771.39,9762.97
9771.39,9821,9769.51,9805.49,9771.39
9805.2,9821.5,9780,9809.31,9805.49
9809.3,9845,9791,9796.28,9809.31
9794.91,9817.89,9785.35,9810.02,9796.28
9810.02,9829.99,9801.15,9810.15,9810.02
9810.15,9866,9750,9793.51,9810.15
9793.5,9849,9783.25,9840.99,9793.51
9842.11,9850,9817.17,9829.47,9840.99
9829.5,9871,9810.1,9858.41,9829.47
9858.33,9888,9840.49,9862.19,9858.41
9862.52,9869.51,9810.62,9841.76,9862.19
9841.97,9869.43,9841.27,9862.69,9841.76
9862.15,9870,9845.39,9856.87,9862.69
9857.73,9940,9856.73,9914.67,9856.87
9913.02,9929.5,9840,9913.26,9914.67
9913.26,9923,9892.5,9895.05,9913.26
9895.04,9947.5,9880.75,9936.95,9895.05
9937.05,9944.25,9909.56,9938.9,9936.95
9938.86,10052.67,9937.92,10052.63,9938.9
10052.66,10131,10052.22,10091.27,10052.63
10091.85,10114.25,10040,10099.99,10091.27
10099.99,10123.1,10088.12,10096.76,10099.99
10096.98,10166,10094.87,10127.87,10096.76
10127.87,10151.04,10086.43,10110.93,10127.87
10110.93,10141.05,10075,10075,10110.93
10075.01,10126.16,10050,10121.59,10075
10121.59,10134,10100,10109.52,10121.59
10108.61,10145.64,10108.61,10126.5,10109.52
10126.5,10140.01,10089.05,10098.36,10126.5
10099.15,10118.44,10060,10084.35,10098.36
10084.43,10125.3,10000.1,10097.1,10084.35
10097.1,10125.79,10072.16,10112.03,10097.1
10112.04,10119,10075.32,10090.42,10112.03
10090.98,10093.46,10053.69,10078.3,10090.42
10078.36,10098.16,10069.96,10074.85,10078.3
10074.85,10088.12,10053,10064.3,10074.85
10064.35,10095,10059.53,10084.98,10064.3
10084.88,10126.75,10082.78,10126.17,10084.98
10126.22,10160,10119.78,10151.75,10126.17
10151.72,10188,10150,10184.19,10151.75
10184.19,10184.4,10130,10133.32,10184.19
10133.33,10147.26,10080,10120.59,10133.32
10120.4,10120.4,10060,10090.47,10120.59
10090.44,10105.54,10025.2,10055.96,10090.47
10055.98,10084.14,9756,9835.71,10055.96
9836.14,10021,9814.82,9955.91,9835.71
9956.22,9993,9936.96,9968.99,9955.91
9967.94,9971.48,9860.88,9892.56,9968.99
9893.78,9893.78,9765.15,9835.2,9892.56
9835.21,9872,9820.79,9847.78,9835.2
9848.63,9848.98,9765,9821.43,9847.78
9821.41,9848.63,9777.6,9845.86,9821.43
9847.63,9866,9810.99,9822.61,9845.86
9822.59,9900,9812.14,9886.63,9822.61
9886.67,9925.63,9850,9865.05,9886.63
9865.06,9893.17,9815.73,9832.49,9865.05
9832.86,9853.77,9812.28,9846.42,9832.49
9844.99,9860,9816.33,9842.26,9846.42
9842.25,9849.71,9800.02,9829.56,9842.26
9831.67,9878.05,9827.46,9852.43,9829.56
9852.08,9875,9845.47,9869.6,9852.43
9870.41,9870.41,9813,9842.83,9869.6
9841.8,9894.56,9841.8,9851.83,9842.83
9851.74,9862.18,9771.86,9779.69,9851.83
9779.13,9821.26,9700,9814.07,9779.69
9812.51,9821,9750,9759.76,9814.07
9759.76,9775,9722.24,9733.39,9759.76
9733.43,9761.63,9715,9749.12,9733.39
9749.11,9784.93,9742.49,9754.01,9749.12
9754,9785.78,9735.14,9765.38,9754.01
9765.38,9787.07,9727,9739.94,9765.38
9739.87,9789.95,9730.89,9789.88,9739.94
9788.99,9806.36,9763.16,9780.35,9789.88
9780.39,9805,9762,9786.87,9780.35
9786.89,9815,9775.07,9801.04,9786.87
9801.02,9877.54,9787.88,9847.74,9801.04
9847.74,9908,9846.46,9871.43,9847.74
9871.43,9901.5,9847,9857.95,9871.43
9857.19,10194,9852.58,10164.99,9857.95
10165,10311,10163.6,10220.12,10164.99
10220.22,10285,10215,10280,10220.12
10278.51,10323.59,10190.24,10206.22,10280
10206.26,10256.75,10160.15,10247.73,10206.22
10246.59,10260,10206.65,10222.04,10247.73
10221.98,10228.71,10168.75,10199.73,10222.04
10198.52,10220.78,10179.92,10204,10199.73
10204,10252.9,10183.47,10223.08,10204
10223.08,10320,10223.08,10318.97,10223.08
10317.36,10319.71,10266.03,10279.4,10318.97
10279.41,10291.39,10226.43,10252.94,10279.4
10253.44,10287.2,10241.79,10263,10252.94
10263.08,10300.66,10256.78,10269,10263
10269.06,10333.28,10256.65,10319.53,10269
10319.57,10343.01,10269.25,10328.24,10319.53
10327.51,10450,10306.02,10366,10328.24
10366.62,10371.72,10226.44,10292.3,10366
10293,10293.13,10236.44,10275.96,10292.3
10275.06,10325,10243.25,10305.83,10275.96
10305.74,10370.75,10288.77,10343.4,10305.83
10343.4,10344.99,10291.93,10336.39,10343.4
10336.82,10380.22,10327.05,10370,10336.39
10369.93,10415,10284.46,10346.12,10370
10346.27,10348.26,10250,10314.56,10346.12
10314.56,10374.94,10294,10339.77,10314.56
10339.72,10364.52,10312.77,10354.91,10339.77
10355.06,10359,10319,10345.78,10354.91
10345.78,10350.54,10313,10313.47,10345.78
10313.49,10383.97,10313.49,10377.9,10313.47
10376.67,10410,10315.21,10373.28,10377.9
10373,10380.8,10329.45,10337.26,10373.28
10337.26,10365,10303,10326.46,10337.26
10325.33,10381.99,10310.51,10366.62,10326.46
10368.05,10400,10350.27,10393.26,10366.62
10393.24,10423.88,10363.61,10405.75,10393.26
10407.29,10440.67,10365,10379.74,10405.75
10379.61,10423,10378.31,10395.08,10379.74
10394.88,10439.99,10394.87,10435.82,10395.08
10435.98,10457.63,10422.19,10452.97,10435.82
10452.97,10491,10326.49,10338.96,10452.97
10338.94,10366.53,10110,10260.86,10338.96
10260.86,10264.14,10100,10166.97,10260.86
10164.05,10210,10123,10169.93,10166.97
10169.33,10189.69,10080,10151.11,10169.93
10151.66,10240,10100.2,10211.08,10151.11
10211.08,10500,10183.33,10199,10211.08
10186.93,10352,10123.6,10248.93,10199
10250.26,10315.65,10190.86,10254.93,10248.93
10254.23,10292.99,10156,10162.74,10254.93
10162.73,10244.44,10145.5,10199.68,10162.74
10198.64,10239.81,10185.03,10206.44,10199.68
10206.46,10271.96,10200.5,10250.31,10206.44
10251.15,10265,10208.14,10226.61,10250.31
10226.5,10228.95,10181.88,10189.01,10226.61
10189.86,10240.26,10185.03,10224.15,10189.01
10224,10252.79,10207.02,10229.63,10224.15
10227.78,10242.79,10178.27,10224.81,10229.63
10225.59,10281.18,10209.19,10227.89,10224.81
10228.57,10266.6,10224.92,10260.68,10227.89
10260.65,10290,10214,10258.7,10260.68
10258.66,10280,10204.34,10221.9,10258.7
10221.89,10237.09,10162.37,10173.25,10221.9
10173.3,10202.91,10154,10196.27,10173.25
10196,10205.86,10111.37,10124.98,10196.27
10124.98,10178.44,10111.57,10165.14,10124.98
10165.13,10229.5,10150.01,10223.85,10165.14
10223.86,10298,10206.3,10252.96,10223.85
10251.68,10278.55,10213.82,10269.24,10252.96
10269.52,10287.37,10240,10258.57,10269.24
10258.56,10268.3,10240,10252.9,10258.57
10253.51,10360.2,10224,10240.23,10252.9
10239.64,10288,10231.31,10249.94,10240.23
10249.94,10308.08,10243.72,10285,10249.94
10285,10292.96,10258.25,10281.46,10285
10281.67,10359,10281.63,10356.89,10281.46
10356.95,10375.45,10316.3,10341.64,10356.89
10340.15,10375,10340.13,10354.47,10341.64
10354.05,10381.56,10314.5,10329.81,10354.47
10329.79,10348.41,10280.11,10346,10329.81
10346.25,10352.36,10320,10344.36,10346
10344.36,10375,10320,10333.09,10344.36
10332.99,10349.53,10235.08,10244.5,10333.09
10245.92,10277.62,10203.52,10240.64,10244.5
10240.2,10287,10240.19,10272.39,10240.64
10273.09,10279,10245.01,10260.63,10272.39
10261.17,10263.45,10220,10224.72,10260.63
10223.08,10261.79,10200,10240.01,10224.72
10240,10245.07,10190.9,10221.76,10240.01
10221.03,10252.98,10211.82,10252.8,10221.76
10252.24,10269.99,10221.79,10256.63,10252.8
10256.9,10274.18,10242.21,10242.99,10256.63
10243.41,10254.83,10220,10229.36,10242.99
10229.36,10248.97,10207.97,10240,10229.36
10240,10246.75,10214.59,10236.06,10240
10236.3,10259.97,10234.02,10241.65,10236.06
10242.84,10244.76,9801,9983.18,10241.65
9983.24,10095,9866.39,9903.95,9983.18
9903.9,9950.9,9827,9844.69,9903.95
9844.42,9920,9811.84,9914.13,9844.69
9914.14,9940,9891.66,9893.99,9914.13
9893.52,9919.57,9870.33,9892.89,9893.99
9893.96,9929.75,9891.15,9923.53,9892.89
9923.54,9949,9911.17,9923.82,9923.53
9924.94,9936.27,9882.04,9904.72,9923.82
9904.46,9929.99,9853.02,9929.31,9904.72
9929.6,9940.11,9910.03,9931,9929.31
9930.99,10042.67,9917.07,10041.53,9931
10041.53,10050,9992.64,10000.58,10041.53
10000.62,10029.97,9975,10021.36,10000.58
10020.97,10033.33,9937,9955.43,10021.36
9955.43,9980,9945.79,9966.07,9955.43
9966.05,9984.45,9955.55,9959.51,9966.07
9959.58,10017,9945.94,9989.31,9959.51
9989.32,10009.66,9961.2,9971.5,9989.31
9971.37,9988.82,9928.48,9935.57,9971.5
9935.57,9970.54,9901.28,9922.63,9935.57
9922.63,9953.84,9877.16,9917.42,9922.63
9917.42,9956.02,9856.6,9938.11,9917.42
9937.56,9974.98,9885.25,9895.2,9938.11
9895.5,9921.62,9825.16,9858.54,9895.2
9858.54,9909,9638.12,9734.99,9858.54
9735,9800,9692.03,9755.03,9734.99
9755.04,9840.06,9755.02,9796.01,9755.03
9796.01,9797.73,9711.3,9745.57,9796.01
9745.91,9781.61,9729.96,9781.18,9745.57
9780.8,9793.1,9753.38,9758.55,9781.18
9759.49,9877.96,9750.73,9877.59,9758.55
9877.63,9996.58,9867.25,9917.27,9877.59
9910.7,9964.16,9850,9862.18,9917.27
9862.2,9909.1,9839.05,9852.83,9862.18
9851.98,9863.57,9793.11,9840.51,9852.83
9840.51,9849.51,9758.59,9808.4,9840.51
9807.74,9808.32,9710,9742.16,9808.4
9742.18,9808.04,9738.7,9761.78,9742.16
9761.17,9842.34,9747.46,9774.11,9761.78
9773.01,9811.94,9734.85,9753.26,9774.11
9753.01,9813.74,9737.28,9802.59,9753.26
9801.42,9832.92,9772.22,9792.53,9802.59
9792.53,9793.49,9677.68,9715.34,9792.53
9715.22,9716.35,9568,9609.94,9715.34
9609.94,9669.99,9585.35,9633.14,9609.94
9633.48,9656.88,9517.11,9532.77,9633.14
9532.72,9618.31,9452.67,9591.77,9532.77
9591.79,9661.99,9540.5,9633.45,9591.77
9635.27,9725.79,9615.63,9671.73,9633.45
9673.25,9697.65,9576.03,9640.01,9671.73
9640.01,9648.99,9580,9645.06,9640.01
9645.01,9673.98,9600,9666.15,9645.06
9667.34,9700,9616.11,9625.04,9666.15
9628.06,9669,9610,9632.48,9625.04
9631.95,9664.02,9607.05,9630.1,9632.48
9630.17,9727.41,9613.12,9706,9630.1
9706,9715,9624.7,9660.87,9706
9660.83,9743,9660.83,9710.65,9660.87
9711.36,9759,9703.78,9714.29,9710.65
9714.64,9745.92,9675.6,9724.82,9714.29
9724.86,9800,9720,9800,9724.82
9799.98,9810,9768.01,9785.74,9800
9785.8,9810,9750,9775.48,9785.74
9775.64,9815,9763.3,9790.58,9775.48
9790.9,9794.99,9740,9741.61,9790.58
9741.65,9749.91,9662.72,9694.15,9741.61
9694.15,9744.99,9631,9731.41,9694.15
9730.2,9756.97,9678.94,9702.27,9731.41
9703.85,9704.58,9638.11,9656.92,9702.27
9657.28,9669.85,9576.01,9627.27,9656.92
9627.3,9718.01,9627.3,9696.65,9627.27
9696.66,9875.51,9695.74,9830.68,9696.65
9830.69,9924.42,9815.9,9918.91,9830.68
9919.76,9952,9877.35,9946.38,9918.91
9946.71,10048,9946.38,9985.73,9946.38
9987.16,10048,9973,10043.49,9985.73
10043.08,10163,10038.23,10155.01,10043.49
10156.22,10250,10036.72,10134.71,10155.01
10135.93,10174.54,10067.19,10168.26,10134.71
10168.89,10206.94,10136.64,10164.71,10168.26
10164.78,10186.35,10079.25,10102.41,10164.71
10102.75,10149,10101.97,10112.83,10102.41
10112.83,10166.66,10110,10150.74,10112.83
10151.05,10173,10125,10149.63,10150.74
10150.48,10164.93,10089.24,10111.65,10149.63
10111.75,10134.7,10085.36,10118.55,10111.65
10118,10118.66,10044.68,10069.02,10118.55
10067.99,10089.37,10027,10059.3,10069.02
10059.08,10161.99,10011.06,10159.65,10059.3
10158.2,10159.53,10101.01,10112.99,10159.65
10112.86,10144.62,10080,10126.09,10112.99
10125,10150,10117.66,10148.93,10126.09
10149.99,10250,10133.1,10158.94,10148.93
10157.57,10200,10131.25,10194.77,10158.94
10194.39,10207.69,10136.9,10139.22,10194.77
10138.59,10154.64,10045.45,10152.55,10139.22
10153.18,10156.48,9350,9615.72,10152.55
9615.77,9711.08,9500,9693.13,9615.72
9693.6,9696.5,9572.42,9593.79,9693.13
9594.65,9653.9,9575,9626.38,9593.79
9626.38,9668,9595.83,9600.84,9626.38
9600.84,9613.86,9500,9588.41,9600.84
9588.4,9605.26,9551.56,9571.5,9588.41
9571.5,9600.54,9545.7,9581.37,9571.5
9581.36,9586.01,9538,9570.02,9581.37
9570.03,9620.02,9550.32,9619.58,9570.02
9619.58,9630.33,9591.6,9607.23,9619.58
9606.78,9609.99,9540.17,9582.53,9607.23
9582.5,9620,9552.08,9604.76,9582.53
9604.96,9650,9571.67,9607.05,9604.76
9607.26,9635,9556.51,9565.39,9607.05
9565.49,9603,9525.7,9554.77,9565.39
9554.93,9592.86,9518.08,9589.38,9554.77
9589.99,9619.83,9563.67,9598.99,9589.38
9599,9609.9,9562.61,9574.26,9598.99
9574.43,9699,9400,9631.35,9574.26
9633.42,9647.36,9410,9498.77,9631.35
9497.02,9577.88,9460.02,9530.63,9498.77
9531.29,9574.49,9516.61,9551.96,9530.63
9553.69,9589,9537,9582.8,9551.96
9582.49,9623.82,9560,9609.21,9582.8
9609.2,9663.14,9572.79,9611.57,9609.21
9611.57,9622.85,9580,9596.42,9611.57
9597.21,9610,9569.42,9600.1,9596.42
9600.1,9648,9584.21,9647.99,9600.1
9647.99,9662.94,9630,9643.57,9647.99
9643.54,9714.06,9609.93,9708.17,9643.57
9707.39,9733,9660.79,9688.99,9708.17
9688.99,9701,9650,9674.22,9688.99
9675.12,9730,9655.16,9669.7,9674.22
9669.91,9689.19,9651,9673.43,9669.7
9673.43,9689.22,9613.04,9632.07,9673.43
9632.01,9669.43,9613,9659.91,9632.07
9660.05,9715.74,9645.01,9677.94,9659.91
9677.95,9719,9676.52,9694.56,9677.94
9694.56,9755.51,9691.08,9747.01,9694.56
9747.01,9748.57,9683.38,9726.37,9747.01
9727.5,9742.43,9663.35,9675.01,9726.37
9675.01,9725.42,9660,9722.56,9675.01
9722.62,9742.33,9687.01,9724.22,9722.56
9723.55,9731.9,9690.57,9709.79,9724.22
9709.25,9727,9700,9701.11,9709.79
9701.2,9716.4,9660,9681.84,9701.11
9681.84,9720,9550.21,9695.41,9681.84
9695.44,9710,9623.71,9663.29,9695.41
9662.99,9664.15,9626.08,9656.45,9663.29
9656.3,9713.7,9641.23,9677.05,9656.45
9677.05,9709.17,9660.3,9689.67,9677.05
9689.66,9692.08,9647.62,9651.09,9689.67
9651.09,9664.95,9637,9646.59,9651.09
9646.96,9682.23,9642.68,9665.9,9646.59
9665.44,9668.81,9613.8,9622.72,9665.9
9623.46,9647.36,9582.02,9613.52,9622.72
9612.47,9618.77,9560.02,9600.11,9613.52
9597.25,9615,9581.82,9590.9,9600.11
9590.26,9658.09,9589.35,9642,9590.9
9641.88,9643.17,9578.9,9616.85,9642
9617.45,9640,9611.37,9624.58,9616.85
9623.53,9640,9617.1,9634.61,9624.58
9633.1,9670,9630.54,9649.02,9634.61
9649.02,9665.02,9635,9653.67,9649.02
9653.26,9663.68,9635,9645,9653.67
9645,9652.83,9607.42,9630.19,9645
9631.05,9649,9600.01,9642.87,9630.19
9642.84,9680,9626.32,9656.29,9642.87
9656.35,9663.15,9640,9655.64,9656.29
9655.71,9679,9655.07,9666.93,9655.64
9667.91,9697,9667.27,9676.46,9666.93
9676.45,9696,9668.94,9682.01,9676.46
9681.76,9683,9659.41,9667.25,9682.01
9667.16,9681.63,9644.47,9650.86,9667.25
9650.85,9678.93,9645,9676.24,9650.86
9676.2,9683.08,9658.97,9666.49,9676.24
9665.82,9683.92,9659.96,9680.54,9666.49
9682.37,9797.97,9675.19,9787.08,9680.54
9786.5,9920,9786.46,9848.34,9787.08
9848.48,9920,9829.01,9868.38,9848.34
9868.3,9916,9865.57,9891.74,9868.38
9891.72,9910.19,9861.54,9880.7,9891.74
9880.71,9889.91,9863,9880.1,9880.7
9880.1,9912.29,9870.41,9885.86,9880.1
9885.81,9990,9840.77,9852.98,9885.86
9851.53,9879.93,9810.07,9825.57,9852.98
9825.39,9863.78,9800,9844.15,9825.57
9844.02,9889.99,9839.4,9867.84,9844.15
9868.53,9900,9855,9895.63,9867.84
9895.64,9907.65,9840.44,9861.9,9895.63
9861.9,9889.13,9846.1,9868.8,9861.9
9869.11,9889,9860.01,9877.99,9868.8
9878,9890,9863,9874.96,9877.99
9874.92,9896,9861.05,9871.76,9874.96
9871.75,9879.68,9835.51,9865,9871.76
9865,9882,9853.88,9859.38,9865
9859.38,9913,9850,9909.94,9859.38
9909.93,9971.17,9885.01,9936.4,9909.94
9936.4,9990,9902.46,9946.07,9936.4
9946.95,9949.92,9875.48,9885.04,9946.07
9885.58,9917,9600,9741.09,9885.04
9739.11,9782.08,9725.11,9753.71,9741.09
9753.64,9759.99,9730.78,9756.8,9753.71
9757.21,9760,9730.05,9759.49,9756.8
9759.41,9762.91,9710.2,9726.19,9759.49
9728.63,9757.49,9667.71,9752.83,9726.19
9752.81,9770.35,9740.24,9757.52,9752.83
9756.94,9769.11,9694.74,9717.8,9757.52
9717.81,9754,9698.04,9748.74,9717.8
9748.45,9820,9737.85,9811.38,9748.74
9811.98,9843.5,9778.31,9795.16,9811.38
9797.04,9811.1,9735.49,9751.01,9795.16
9750.85,9824.66,9710.95,9736.45,9751.01
9736.84,9781.28,9668,9703.28,9736.45
9703,9731.6,9634.29,9650,9703.28
9650,9659.96,9569.91,9600.76,9650
9599.56,9600.73,9473.56,9588.3,9600.76
9588.27,9646.19,9569,9601.09,9588.3
9601.14,9646.2,9569.03,9594.81,9601.09
9594.81,9620,9563.32,9609.61,9594.81
9609.61,9650,9599.11,9633.5,9609.61
9633.9,9671.98,9610,9656.13,9633.5
9655.52,9671.12,9602.39,9616.74,9656.13
9617.22,9650.98,9580,9590.44,9616.74
9590.71,9621.98,9567.22,9608.24,9590.44
9607.34,9627.52,9571.45,9579.44,9608.24
9579.94,9604.99,9551.11,9576.22,9579.44
9576.23,9592.73,9528.19,9556.3,9576.22
9556.82,9571.75,9505,9540.53,9556.3
9537.81,9538.83,9486.18,9520.16,9540.53
9520.06,9581.63,9502.57,9552.43,9520.16
9552.2,9596.03,9550.55,9561.36,9552.43
9561.36,9580.98,9536,9552.72,9561.36
9552.79,9645,9488,9627.22,9552.72
9626.43,9675,9595.05,9615.51,9627.22
9616.34,9620,9550,9567.8,9615.51
9568.87,9570.31,9360,9404.87,9567.8
9404.87,9436.82,9369,9397.47,9404.87
9395.19,9460.56,9300,9308.85,9397.47
9308.84,9392.06,9281,9335.24,9308.85
9335.21,9399,9322.47,9375.4,9335.24
9374.94,9377.36,9322.06,9359.95,9375.4
9359.95,9377.76,9297,9329.86,9359.95
9329.58,9417,9250,9389.88,9329.86
9389.92,9426.02,9366.8,9396.01,9389.88
9395.96,9396.16,9306.9,9315.84,9396.01
9316.48,9377.44,9292,9312.05,9315.84
9311.71,9332.57,9203,9205.46,9312.05
9203.85,9231.2,9111,9203.36,9205.46
9203.49,9209.12,9133.22,9170.13,9203.36
9170.13,9201,9120,9182.83,9170.13
9183.09,9207.86,9146.25,9202.69,9182.83
9203.09,9220,9175.01,9215.87,9202.69
9215.87,9219,9136,9148.08,9215.87
9148.08,9225,9102,9195.67,9148.08
9196.2,9203,9121.31,9131.14,9195.67
9130.07,9197.57,9109,9182.63,9131.14
9183.45,9189,9143.33,9158.37,9182.63
9158.36,9303.36,9040,9285.34,9158.37
9285.34,9288.97,9055,9092.67,9285.34
9092.52,9136.7,8979.03,9044.17,9092.67
9043.3,9060,8980.27,8995.29,9044.17
8995.75,9030,8633.63,8750.16,8995.29
8750.16,8800,8660.9,8735.95,8750.16
8736.94,8846.23,8723.44,8842.49,8735.95
8842.27,8860,8782.02,8831.14,8842.49
8831.14,8864,8775,8804.35,8831.14
8804.17,8835,8742.01,8748.21,8804.35
8748.14,8835,8713.03,8785,8748.21
8785,8839,8781.1,8785.25,8785
8786,8792.52,8615.97,8646.87,8785.25
8646.71,8715.09,8531,8694.19,8646.87
8694.19,8743.9,8650,8699.92,8694.19
8699.1,8765.75,8640,8739.68,8699.92
8739.68,8754.67,8667.58,8710.09,8739.68
8710.05,8784.7,8699.6,8762.7,8710.09
8763.72,8838.28,8750,8808.57,8762.7
8808.65,8826.98,8755,8814.05,8808.57
8814.21,8859.42,8784.25,8789.12,8814.05
8789.08,8840,8741.12,8750.6,8789.12
8750.18,8825.03,8730,8819.49,8750.6
8820,8831.5,8784,8804.36,8819.49
8804.27,8941.91,8747.03,8785.73,8804.36
8785.7,8848.08,8751.53,8821.59,8785.73
8823.21,8884.77,8774.53,8856.34,8821.59
8855.7,8901.11,8825,8847.16,8856.34
8847,8971.77,8846.71,8931.23,8847.16
8930.37,8951.87,8876.01,8912.32,8931.23
8912.22,8937.72,8868.54,8888.43,8912.32
8888.43,8919,8847.23,8915.34,8888.43
8915.34,8917.66,8865.18,8883.71,8915.34
8883.6,8900,8735.63,8761.24,8883.71
8761.27,8831.09,8650,8794.74,8761.24
8796.8,8825.33,8755.2,8823.21,8794.74
8823.25,8900,8784.01,8856.05,8823.21
8856.15,8900,8811.2,8893.6,8856.05
8893.62,8897.8,8842.28,8868.43,8893.6
8868.15,8887.68,8829.44,8837.51,8868.43
8837,8860,8816.52,8827.37,8837.51
8825.09,8830.05,8777.36,8782.61,8827.37
8782.74,8802.99,8760,8777.83,8782.61
8777.27,8785.81,8695.1,8728.74,8777.83
8728.39,8779.55,8700,8701.91,8728.74
8701.91,8734.71,8578.41,8604.5,8701.91
8606.31,8652.23,8541.1,8589.7,8604.5
8590.96,8638.4,8559,8585.96,8589.7
8586.43,8600,8445,8525,8585.96
8525.01,8707.43,8495.01,8660.44,8525
8660.58,8684.93,8563.73,8664.28,8660.44
8663.5,8724.64,8625,8715.94,8664.28
8715,8738,8630.02,8638.32,8715.94
8638.11,8640,8485,8570.88,8638.32
8570.88,8598.66,8505.5,8539.71,8570.88
8539.72,8600,8520,8577.21,8539.71
8577.21,8707,8567.97,8614.39,8577.21
8614.15,8691.96,8610.07,8656.74,8614.39
8656.74,8780.42,8654.77,8777.94,8656.74
8779.12,8799,8670.79,8692.91,8777.94
8690.8,8773.17,8690,8719.95,8692.91
8719.04,8734.37,8656,8675.77,8719.95
8675,8725.67,8671.01,8706.95,8675.77
8706.96,8730,8675.37,8714.73,8706.95
8714.53,8755,8714.5,8741.79,8714.73
8741.79,8768,8729.81,8768,8741.79
8767.99,8790,8696.42,8708.78,8768
8708.64,8755,8699.97,8745.81,8708.78
8745.82,8763.71,8720,8749.03,8745.81
8749.21,8749.81,8673.53,8686.84,8749.03
8687.19,8722.6,8623.4,8630.29,8686.84
8630.29,8712.99,8600,8696.98,8630.29
8696.95,8698.87,8649.2,8661.52,8696.98
8661.77,8662.44,8604.27,8634.09,8661.52
8634.42,8639.48,8572.22,8622.47,8634.09
8622.67,8672.51,8585.44,8650,8622.47
8650,8662.74,8600,8604.29,8650
8603.58,8652.54,8591.47,8651.7,8604.29
8651.76,8676,8631.83,8663.73,8651.7
8664.29,8674,8630.5,8671.41,8663.73
8670.64,8671.61,8640,8654.96,8671.41
8654.95,8663.22,8610.02,8634.58,8654.96
8633.26,8637.64,8592.99,8634.65,8634.58
8634.94,8659.96,8523.55,8523.61,8634.65
8523.61,8613.57,8511.11,8547.25,8523.61
8546.65,8649,8514.06,8639.28,8547.25
8640.23,8675,8617.73,8630.86,8639.28
8631.94,8665.86,8616.45,8620.36,8630.86
8620.17,8634.73,8560.45,8580.73,8620.36
8580.72,8592.8,8538,8586.83,8580.73
8586.5,8588.01,8521,8543.48,8586.83
8543.57,8567.37,8520.58,8541.16,8543.48
8541.15,8594.87,8518,8532,8541.16
8531.29,8589.93,8522,8539.63,8532
8540.08,8585.75,8539.64,8570.43,8539.63
8570.43,8650,8550.34,8648.37,8570.43
8647.42,8750,8558,8575,8648.37
8574.67,8625.29,8535.24,8609.34,8575
8609.69,8629.31,8555.15,8565,8609.34
8564.78,8599.95,8542.45,8557.8,8565
8557.8,8582.73,8454.57,8522.3,8557.8
8523.13,8529.97,8460.9,8500,8522.3
8499.87,8512.1,8456.22,8457.63,8500
8458.03,8571.86,8411,8542.2,8457.63
8541.22,8565.24,8488,8492.2,8542.2
8492.21,8540.09,8470,8526.44,8492.2
8526.41,8583,8516,8561.75,8526.44
8561.56,8591.82,8530.07,8531.88,8561.75
8530.3,8572.22,8498,8558.04,8531.88
8559.3,8572.54,8518.5,8560.4,8558.04
8560.28,8651.9,8556.82,8626.06,8560.4
8625.2,8648.63,8601.01,8601.99,8626.06
8601.99,8645,8596.36,8643.24,8601.99
8643.32,8663.43,8620.24,8658,8643.24
8658.01,8699.5,8624.56,8624.89,8658
8624.78,8650,8602.48,8625.39,8624.89
8625.39,8671.37,8619.63,8665.07,8625.39
8666.05,8712.66,8652.82,8697.04,8665.07
8697.04,8774,8694.75,8722.1,8697.04
8722.05,8776.98,8651,8758.35,8722.1
8758.39,8783,8718.95,8753.44,8758.35
8753.44,8854.7,8753.27,8829.41,8753.44
8828.96,8885,8810.25,8814.89,8829.41
8814.4,8855,8773,8829.21,8814.89
8829.21,8875,8818.66,8858.58,8829.21
8858.4,8917.99,8851.09,8868.33,8858.58
8868.26,8890,8837,8859.99,8868.33
8859.99,8885,8823,8883.12,8859.99
8882.88,8884.98,8850,8882.24,8883.12
8882.23,8940.22,8880.77,8935.09,8882.24
8935.75,8965.75,8909.52,8910.84,8935.09
8911.61,8916.86,8877,8915.24,8910.84
8911.18,8919.65,8813.82,8840.14,8915.24
8840.15,8861.29,8815,8815.77,8840.14
8815.77,8866.35,8804.16,8864.99,8815.77
8864.99,8887.55,8846,8866.6,8864.99
8865.9,8867.89,8825.08,8841.33,8866.6
8841,8856,8812,8850.49,8841.33
8850.49,8853.72,8780,8783.83,8850.49
8783.92,8785.98,8746.42,8756.08,8783.83
8755.64,8791.87,8735.37,8772.22,8756.08
8772.16,8825.33,8752.5,8821.09,8772.22
8822.11,8865,8800,8829.04,8821.09
8829.46,8866.96,8819,8858.22,8829.04
8858.45,8898.74,8763,8788.59,8858.22
8786.16,8802.71,8760.83,8798.14,8788.59
8798.14,8798.14,8703.01,8736.43,8798.14
8736.46,8884.86,8675.45,8753.01,8736.43
8753.01,8781.25,8651,8698.95,8753.01
8698.95,8732.3,8683.19,8718.99,8698.95
8718.99,8728,8683.11,8717.89,8718.99
8717.89,8722.46,8670,8713.97,8717.89
8714.11,8725,8683.24,8704.78,8713.97
8704.77,8744,8703.01,8733.13,8704.78
8733.28,8790,8724.75,8779.98,8733.13
8780.18,8789.4,8752,8760.07,8779.98
8760.07,8786.87,8728,8781.25,8760.07
8781.37,8821,8776.95,8793.95,8781.25
8793.7,8834.92,8791.57,8812.35,8793.95
8809.93,8835.01,8783.04,8790.18,8812.35
8788.99,8836,8783,8825.35,8790.18
8824.6,8847.99,8803.96,8839.75,8825.35
8839.97,8848.29,8774.58,8787.02,8839.75
8786.62,8826.85,8786.06,8816.27,8787.02
8816.32,8829.4,8792.91,8818.86,8816.27
8818.4,8820.68,8785,8795.06,8818.86
8795.06,8795.06,8694.07,8717.12,8795.06
8717.21,8755,8702.29,8731.18,8717.12
8732.49,8761.77,8719.65,8756.45,8731.18
8756.13,8782.31,8681,8722.75,8756.45
8723.94,8762.34,8660,8700,8722.75
8700,8723.87,8670,8715.5,8700
8715.15,8735.36,8687.56,8723,8715.5
8723,8738.13,8665,8718.28,8723
8719.14,8746,8709.27,8739.58,8718.28
8738.94,8739.53,8688.03,8702.85,8739.58
8702.42,8730,8690.09,8724.52,8702.85
8723.9,8747.84,8719.64,8744.35,8724.52
8745.13,8761.52,8734.96,8750.87,8744.35
8750.99,8879.5,8746.54,8859.71,8750.87
8859.91,8884.4,8832.89,8873.42,8859.71
8872.58,8941.53,8855,8919.89,8873.42
8919.87,8938,8866.05,8869.82,8919.89
8869.68,8910.96,8862,8891.46,8869.82
8891.46,8934,8886.64,8922.37,8891.46
8922.31,8942,8897.19,8922.99,8922.37
8923,8930,8880,8895.05,8922.99
8895.24,8922.62,8891.36,8922.61,8895.05
8922.17,9097.86,8910,9080.12,8922.61
9080.08,9098,9043.02,9086.41,9080.12
9086.36,9122.62,9064.01,9100.89,9086.41
9100.59,9136.63,9075,9075,9100.89
9075,9090.22,9050.96,9081.95,9075
9080.9,9096.15,9021.34,9023.01,9081.95
9023.3,9090,9011.98,9085.48,9023.01
9085.52,9119.86,9062.76,9083.37,9085.48
9083.37,9122.99,9063.49,9093.78,9083.37
9094.09,9118.05,9075.93,9110.6,9093.78
9110.6,9150.9,9085.53,9150.9,9110.6
9150.8,9159.42,9071,9110.53,9150.9
9110.54,9130,9091.04,9100.04,9110.53
9100.27,9112.22,9060,9061.89,9100.04
9061.88,9081.25,9015,9054.68,9061.89
9054.64,9068.51,8985.5,8990,9054.68
8990.02,9040,8988,9020,8990
9020,9081.94,9013.84,9052.12,9020
9052.41,9068.79,9031.16,9033.59,9052.12
9032.87,9060.32,9013.05,9046.75,9033.59
9046.75,9114,9042.07,9107.86,9046.75
9107.86,9119.84,9087.02,9096.05,9107.86
9096.05,9138.31,9090,9100.91,9096.05
9101.62,9116.99,9070,9114.71,9100.91
9114.76,9127.97,9098,9111.67,9114.71
9111.84,9152.1,9090,9143.48,9111.67
9143.97,9170,9116.8,9127.92,9143.48
9129.12,9130.29,9090,9109.53,9127.92
9109.53,9121.13,9042,9060.87,9109.53
9060.97,9100,9045.44,9071.03,9060.87
9071.07,9084.35,9000,9001.4,9071.03
9001.7,9065.93,9000,9051.45,9001.4
9051.45,9082.95,9050.2,9073.75,9051.45
9073.74,9082.5,9057.12,9064.72,9073.75
9064.98,9101.35,9059.66,9085.12,9064.72
9084.62,9108.23,9083.48,9097.88,9085.12
9098.17,9119.56,9097.31,9114.78,9097.88
9113.98,9120,9058.3,9103.89,9114.78
9103.22,9137.5,9099.37,9131.88,9103.89
9130.89,9143.55,9102.54,9118.06,9131.88
9119,9124.37,9075.01,9092.5,9118.06
9093.72,9105.55,9073.03,9097.51,9092.5
9097.35,9114.77,9082.53,9089.95,9097.51
9089.57,9107.25,9058.33,9071.02,9089.95
9071.03,9082.56,9058.61,9075.76,9071.02
9075.92,9096.01,9065.01,9067.82,9075.76
9067.83,9090.76,9050,9085.23,9067.82
9085.23,9109.35,9078.06,9104.36,9085.23
9104.13,9114.04,9089.63,9111.73,9104.36
9111.64,9116.97,9092,9097.79,9111.73
9097.84,9104.78,9072.65,9089,9097.79
9089,9135.94,9077.77,9079.91,9089
9079.87,9105.46,9069.3,9087.79,9079.91
9087.71,9114.55,9082.06,9113.66,9087.79
9114.51,9120.29,9097.41,9113.61,9113.66
9113.46,9188,9014.59,9038.91,9113.61
9038.86,9041,8859,8925,9038.91
8925,8925,8835,8876.63,8925
8877.18,8894.25,8854,8884.79,8876.63
8884.91,8893.6,8853.93,8877.4,8884.79
8878.02,8888.84,8865.02,8877.92,8877.4
8878.32,8919,8872.48,8908.28,8877.92
8909.09,8912.56,8867.5,8886.66,8908.28
8885.25,8886.76,8710,8785.43,8886.66
8785.45,8788.98,8747.74,8759.79,8785.43
8759.61,8774.99,8714.61,8721.7,8759.79
8721.81,8755.95,8695.73,8747.58,8721.7
8746.92,8750.02,8725,8733.39,8747.58
8733.41,8742.41,8716,8717.47,8733.39
8717.77,8730,8701,8725.11,8717.47
8725.11,8754.99,8724.73,8740.29,8725.11
8740.59,8741.67,8715.02,8725.58,8740.29
8726.3,8744,8706,8712.74,8725.58
8710.39,8744,8670,8736.11,8712.74
8736.1,8752.36,8719,8741.53,8736.11
8741.3,8747.43,8626.98,8679.72,8741.53
8679.72,8694.71,8628.44,8651.4,8679.72
8652.29,8672.52,8562,8576.55,8651.4
8576.55,8605.62,8321,8400.83,8576.55
8400.85,8403,8149.27,8280.11,8400.83
8280.11,8354.99,8245.1,8309.91,8280.11
8309.9,8318.73,8270,8294.92,8309.91
8294.87,8301.28,8260.03,8280.11,8294.92
8281.51,8300,8260.47,8260.72,8280.11
8261.02,8280,8200.01,8247.74,8260.72
8247.94,8277.75,8155,8157.47,8247.74
8157.9,8246.43,8000,8033.31,8157.47
8034.76,8179.31,8011.1,8081.54,8033.31
8081.54,8132.83,8037.27,8084.93,8081.54
8085,8095.19,8022.01,8023.42,8084.93
8022.92,8100,7970,8063.52,8023.42
8063.52,8066.39,7805.02,7851.32,8063.52
7852.45,7967.3,7675.28,7932.05,7851.32
7932.18,8002,7851,7883.49,7932.05
7883.42,7940,7879.91,7899.71,7883.49
7899.72,7991.08,7896.21,7973.7,7899.71
7974.1,7975.15,7868.68,7888.54,7973.7
7888.54,7929.22,7880,7887.63,7888.54
7887.68,7888.18,7760,7804.92,7887.63
7803.64,7946,7768.52,7881.45,7804.92
7880.64,7891,7706.38,7803.09,7881.45
7803.11,7841.67,7702,7722.5,7803.09
7723.29,7776.33,7632.01,7765.32,7722.5
7765.32,7878.99,7689,7790.26,7765.32
7790.28,7796.6,7709.05,7734.35,7790.26
7736.1,7784.47,7726.03,7753.54,7734.35
7753.66,7903.52,7748.26,7842.03,7753.54
7842.04,7888.98,7791.4,7855.82,7842.03
7855.87,7881.18,7820,7829.82,7855.82
7830.38,7899,7826.11,7875.13,7829.82
7875.13,7947.57,7843.52,7929.87,7875.13
7929.87,7950.21,7894.72,7937.3,7929.87
7937.58,7969.87,7892.18,7905.52,7937.3
7905.52,7926.92,7850,7855.56,7905.52
7855.65,7918.47,7854.49,7907.16,7855.56
7908.29,7948.35,7905.07,7929.13,7907.16
7929.12,7952.65,7906.67,7934.44,7929.13
7934.44,7952.29,7914.15,7918.13,7934.44
7918.19,7918.19,7866.04,7900.14,7918.13
7900.89,7930,7888.36,7904.21,7900.14
7904.26,7908.55,7875,7887.79,7904.21
7887.74,8067.03,7881.18,8036.91,7887.79
8038.23,8114.1,8032.8,8065.02,8036.91
8064.83,8144.93,8060.06,8133.82,8065.02
8133.62,8149,8017.04,8059.03,8133.82
8059.03,8107.05,8021.05,8040.88,8059.03
8040.85,8040.99,7739.97,7767.28,8040.88
7766.29,7860,7728.01,7843.55,7767.28
7843.06,7910.19,7821.58,7869.9,7843.55
7869.88,7893.15,7801,7865.51,7869.9
7865.65,7985,7847.45,7978.8,7865.51
7978.94,8029.06,7892.62,7990.11,7978.8
7990.75,8038.11,7941.9,7968.97,7990.11
7967.46,8015,7944.78,7961.85,7968.97
7961.77,7964.3,7869.79,7894.56,7961.85
7894.57,7954.96,7865.01,7940.48,7894.56
7940.48,7965.49,7897.96,7924.39,7940.48
7924.5,7944.48,7885.46,7898.3,7924.39
7898.75,7939,7878.19,7924.78,7898.3
7923.8,7943.42,7896.27,7902.26,7924.78
7902.27,7918.02,7826.41,7851.4,7902.26
7851.58,7878.6,7813,7823.99,7851.4
7823.99,7875,7815.51,7860.93,7823.99
7861.62,7921.12,7781,7824.44,7860.93
7824.39,7839.92,7798.45,7816.98,7824.44
7816.84,7850,7750,7837.86,7816.98
7837.86,7859.97,7801,7821.86,7837.86
7821.68,7855.28,7802,7840.86,7821.86
7840.9,7895.87,7831.79,7848.55,7840.86
7848.49,7859.35,7777.77,7796.06,7848.55
7796.05,7823.4,7736,7778.76,7796.06
7778.76,7821.04,7750.58,7766.45,7778.76
7766.45,7768.54,7647.05,7671.97,7766.45
7671.2,7813.67,7590,7792.61,7671.97
7791.86,7843,7750,7828.23,7792.61
7828.23,7875.29,7817.03,7860.29,7828.23
7860.28,7875,7798.13,7808.44,7860.29
7807.62,7980,7801.07,7948.4,7808.44
7948.61,7974.84,7909.01,7934.52,7948.4
7934.58,7966.17,7897.63,7913.42,7934.52
7913.83,7938.28,7685,7713.27,7913.42
7712.13,7768.75,7558,7644.97,7713.27
7645.36,7700.1,7600,7662.73,7644.97
7662.11,7662.8,7567,7624.3,7662.73
7622.27,7657.32,7596.61,7646.95,7624.3
7647.37,7649.94,7443.58,7494.17,7646.95
7494.17,7500,7342.43,7392.13,7494.17
7392.12,7466,7310,7377.64,7392.13
7378.84,7391.51,7340,7354.21,7377.64
7354.99,7367.03,5550,6014.9,7354.21
6014.9,6466,5750,6067.01,6014.9
6064.27,6307.59,5900,6028.1,6067.01
6028.22,6105,5734.69,5994.03,6028.1
5995.93,6201,5900,6094.19,5994.03
6090.48,6150,6018.02,6132.13,6094.19
6132.13,6187.41,5947.72,6088.59,6132.13
6088.59,6229.97,6063.99,6114.61,6088.59
6113.2,6150,5965.84,5985.61,6114.61
5985.62,6095.08,5974.92,6037.45,5985.61
6036.28,6059.99,5617.85,5743.43,6037.45
5743.7,5890.34,5565,5819.97,5743.43
5819.12,5965.71,5720,5802.7,5819.97
5800.27,5802.3,4410,4800,5802.7
4800.01,5049,4521,4654.72,4800
4656.71,4769.57,4082,4130.64,4654.72
4131.23,5276.97,3782.13,4848.71,4130.64
4848.7,5523.23,4808.42,5167.26,4848.71
5159.09,5181,4674,4774.48,5167.26
4771.5,5200,4759.45,4956.52,4774.48
4959.16,5245,4858,5199.98,4956.52
5199.83,5444,5025,5385.87,5199.98
5386.11,5600,5126,5276.38,5385.87
5279.21,5700,5268.56,5584.33,5276.38
5589.52,5657.62,5420,5595.31,5584.33
5595.59,5599,5266,5403.56,5595.31
5403.56,5678.44,5355.47,5525.06,5403.56
5529.32,5955,5462,5608,5525.06
5608.65,5847.64,5300,5394.36,5608
5395.87,5469,4920,5212.37,5394.36
5207.63,5400,5035,5196.73,5212.37
5196.77,5340,5101.2,5183.87,5196.73
5184.81,5199,4807,4985.34,5183.87
4981.96,5525,4863.23,5391.08,4985.34
5397.16,5516.54,5187.39,5356.47,5391.08
5356.86,5600,5356.47,5499.89,5356.47
5499.89,5620,5444.96,5601.24,5499.89
5603.36,5699,5437.93,5578.6,5601.24
5576.05,5580,5394.86,5451.3,5578.6
5452.1,5518,5322.02,5482.84,5451.3
5482.84,5570,5394.01,5548.5,5482.84
5547.39,5640.52,5515.67,5573.97,5548.5
5573.67,5573.71,5400,5506.94,5573.97
5506.53,5543.99,5417,5431.06,5506.94
5431.02,5495,5371.76,5426,5431.06
5426.94,5510,5400,5500.4,5426
5500.61,5530,5266.66,5351.61,5500.4
5351.61,5373,5192,5233.7,5351.61
5232.68,5409,5173,5385.03,5233.7
5385.03,5490,5350,5448.38,5385.03
5448.23,5450,5286.79,5425.53,5448.38
5423.24,5448.97,5268.82,5300,5425.53
5300.84,5399,5279.73,5369.57,5300
5369.56,5416.98,5301,5311.38,5369.57
5310.96,5470,5256,5387.61,5311.38
5388.2,5408.33,5345.27,5396.66,5387.61
5397.5,5498,5382.49,5443.8,5396.66
5443.63,5484.21,5375.73,5386.85,5443.8
5386.84,5423.5,5292.24,5334.31,5386.85
5336.83,5352.79,5280,5300.76,5334.31
5302.58,5336.98,5195.32,5273.08,5300.76
5273.08,5277.37,5055.13,5172.06,5273.08
5172.48,5273.37,5093.1,5200.07,5172.06
5203.07,5228.57,5140,5153.42,5200.07
5152.59,5222.23,5146.58,5197.47,5153.42
5197.29,5218.98,5165,5178.64,5197.47
5178.64,5284,5178.64,5255.8,5178.64
5256.45,5284.72,5217.74,5252.24,5255.8
5251.95,5310,5250,5293.5,5252.24
5293.41,5332.04,5240.95,5272.23,5293.5
5272.35,5273.28,5216.02,5230.24,5272.23
5233.05,5267.7,5213.16,5244.91,5230.24
5244.91,5487,5235.51,5430.88,5244.91
5431.22,5452.93,5385,5429.99,5430.88
5430,5594,5280,5307.78,5429.99
5307.71,5370.03,5294.13,5333.78,5307.78
5333.78,5355.24,5221,5314.77,5333.78
5314.47,5358.16,5290.98,5324.48,5314.77
5324.92,5349.98,5260,5291.33,5324.48
5292.1,5397,5288.24,5302.71,5291.33
5302.78,5335.53,5275,5307.63,5302.71
5307.62,5373.93,5292,5312.35,5307.63
5312.33,5325,5160,5186.43,5312.35
5186.43,5940,5181.58,5903.77,5186.43
5906.85,5908.45,5285,5367.76,5903.77
5369.01,5451.43,5320,5361.3,5367.76
5360.33,5365.42,5188,5254.74,5361.3
5254.83,5311.3,5215.54,5301.5,5254.74
5301.01,5364.98,5288.46,5335.63,5301.5
5335.63,5337.08,5250,5273.34,5335.63
5272.23,5297.8,5220,5243.88,5273.34
5244.83,5278,5128.76,5158.42,5243.88
5158.31,5160,4879,5015.09,5158.42
5017.5,5018.45,4778,4785.67,5015.09
4789.99,4950,4777,4914.6,4785.67
4915.45,4918.14,4800,4820.6,4914.6
4820.07,4822.74,4444,4450.95,4820.6
4452.85,4610,4442.12,4565.59,4450.95
4565.63,4930.28,4545,4763.32,4565.59
4762.25,4901.19,4500,4840.16,4763.32
4840.16,5123.05,4729.98,4938.68,4840.16
4937.43,5175,4917.91,5151.39,4938.68
5144.53,5200,4960.69,5011.13,5151.39
5011.13,5090.71,4983.63,5068.73,5011.13
5067.41,5144,5019,5119.03,5068.73
5119.12,5135.38,4828,4939.25,5119.03
4942.5,5035,4820,4898.33,4939.25
4896.61,4992.81,4850.77,4962,4898.33
4962.01,5060,4850,4921.88,4962
4921.88,5050,4900.51,5028.97,4921.88
5028.86,5094.13,4921.45,5070.72,5028.97
5070.81,5400,5050.3,5189.21,5070.72
5189.8,5300,5141.81,5281.58,5189.21
5281.58,5348.95,5230.13,5311.16,5281.58
5314.84,5325,5205,5262.76,5311.16
5263.95,5295.32,5236.88,5276.13,5262.76
5276,5314.8,5219.99,5272.23,5276.13
5273.4,5415.87,5256.87,5343.72,5272.23
5345.19,5440,5248.2,5285.01,5343.72
5282.43,5319.07,5160,5228.02,5285.01
5227.55,5305,5214,5293.45,5228.02
5295,5325.74,5229.08,5267.61,5293.45
5266.9,5350,5175,5206.25,5267.61
5206.25,5322.41,5071.8,5090.11,5206.25
5090.11,5245.08,5051,5229.21,5090.11
5229.31,5376.83,5205.09,5362.99,5229.21
5363.84,5479,5315.3,5348.37,5362.99
5349.99,5395,5290,5354.49,5348.37
5354.49,5420,5335.71,5367.79,5354.49
5368.85,5399.99,5315,5375.11,5367.79
5375.25,5453,5330,5429.54,5375.11
5429.66,5525,5356,5426.06,5429.54
5425.98,5450,5369.15,5424.75,5426.06
5423.72,5438,5305.59,5312.64,5424.75
5312.64,5419.03,5268.8,5355.78,5312.64
5355.85,5383.29,5335.65,5365.22,5355.78
5365.22,5383.99,5320,5373.02,5365.22
5373,5413,5366.24,5394.15,5373.02
5394.02,5436.17,5365.71,5418.65,5394.15
5418.62,5424,5259.43,5270,5418.65
5270.05,5296.9,5180,5255.29,5270
5255.37,5255.37,5104.92,5148.73,5255.29
5148.73,5185.36,5073.55,5173,5148.73
5173,5248,5113.01,5143.13,5173
5143.16,5165,5010.98,5082.4,5143.13
5080.7,5162.35,5078,5140.39,5082.4
5141.48,5141.68,5063.17,5112.98,5140.39
5112.12,5381.76,5009.37,5340.82,5112.98
5340.63,5390,5275,5301.06,5340.82
5302.07,5370,5225.58,5328.89,5301.06
5328.59,5349,5150,5199.59,5328.89
5198.04,5259,5140.54,5225.23,5199.59
5226.17,5325,5215.11,5316.82,5225.23
5316.11,5347.29,5288.9,5328.51,5316.82
5329.23,5392.18,5307,5318.91,5328.51
5318.63,5382.69,5318.39,5353.23,5318.91
5353.63,5412,5257.52,5340.23,5353.23
5341.12,5409,5321.27,5393.04,5340.23
5393.26,5450,5323.74,5347.31,5393.04
5347.74,5401.92,5340.2,5355.88,5347.31
5355.88,5365.52,5260,5285.9,5355.88
5285.97,5329.7,5252.53,5286.84,5285.9
5286.84,5324.06,5277.45,5301.21,5286.84
5301.24,5379.71,5290.24,5368.18,5301.21
5368.41,5404,5349.21,5374.51,5368.18
5374.93,5435.44,5344.55,5414.19,5374.51
5414.19,5448,5376.1,5408.28,5414.19
5409.1,5610,5393.53,5593.53,5408.28
5594.99,5661,5530.47,5560.91,5593.53
5561.79,5632.95,5545,5621.86,5560.91
5622.15,5848.68,5608.21,5848.68,5621.86
5848.71,5880.22,5685.14,5842.96,5848.68
5842.34,5878,5748.44,5808.5,5842.96
5808.5,5920,5805.37,5895.1,5808.5
5895.71,6292.25,5798.26,6164.03,5895.1
6163.79,6359.45,6133.92,6308.45,6164.03
6307.34,6327.25,6120,6137,6308.45
6136.61,6240,6079.69,6215.57,6137
6216.08,6239.98,6155,6237.08,6215.57
6237.08,6268.08,6185,6237.16,6237.08
6237.7,6400,6217.75,6278.63,6237.16
6278.39,6315.26,6125.76,6162.37,6278.63
6162.05,6269.24,6161.08,6219.15,6162.37
6219.15,6233.25,6055.55,6160.5,6219.15
6159.83,6200,6132.36,6150.04,6160.5
6150.04,6168.99,6114.73,6115.02,6150.04
,,,,6115.02
