,open_time,open,high,low,close,volume,close_time,quote_asset_volume,number_of_trades,buy_base_asset_volume,buy_quote_asset_volume,ignore
0,1580515200000,9351.71000000,9394.08000000,9341.17000000,9383.07000000,848.81719700,1580518799999,7950986.77524696,12119,465.17274000,4357468.00431309,0
1,1580518800000,9383.35000000,9435.00000000,9377.80000000,9429.86000000,1090.14920100,1580522399999,10249734.33501961,13958,602.43353000,5664572.57650458,0
2,1580522400000,9428.55000000,9464.53000000,9403.27000000,9441.88000000,1581.55035600,1580525999999,14934027.47651222,16038,893.51689700,8438150.01345947,0
3,1580526000000,9441.42000000,9457.14000000,9390.01000000,9432.33000000,1104.47562400,1580529599999,10410095.12209749,11857,543.98239500,5128003.05040081,0
4,1580529600000,9431.75000000,9449.94000000,9400.00000000,9401.42000000,910.52137400,1580533199999,8584951.76691949,10985,505.92452400,4770702.97637443,0
5,1580533200000,9402.20000000,9414.37000000,9377.77000000,9381.12000000,924.55992800,1580536799999,8691465.29950958,10181,419.10194200,3940175.34023225,0
6,1580536800000,9381.13000000,9409.64000000,9378.85000000,9398.01000000,806.70461800,1580540399999,7579754.16160985,9734,480.48787400,4514635.75037564,0
7,1580540400000,9397.54000000,9454.77000000,9396.96000000,9423.01000000,1488.56477700,1580543999999,14040409.09439045,14565,883.02963700,8328769.25914276,0
8,1580544000000,9423.02000000,9425.76000000,9380.00000000,9384.62000000,1281.66071300,1580547599999,12043882.61175152,11790,510.59267400,4799339.40326332,0
9,1580547600000,9385.10000000,9398.71000000,9355.00000000,9387.87000000,1475.34143400,1580551199999,13829521.06838432,15849,641.73829400,6016531.75518860,0
10,1580551200000,9387.44000000,9407.00000000,9358.00000000,9379.55000000,1078.15745400,1580554799999,10114543.91658211,13764,602.57465200,5652854.03512016,0
11,1580554800000,9379.55000000,9385.82000000,9321.41000000,9354.66000000,1468.00113200,1580558399999,13721754.94033672,16476,696.87319700,6513482.44268846,0
12,1580558400000,9354.65000000,9367.64000000,9281.00000000,9312.06000000,1585.11522300,1580561999999,14779081.16569418,16007,725.68048900,6768014.92177302,0
13,1580562000000,9311.64000000,9372.00000000,9303.72000000,9345.35000000,1543.52678600,1580565599999,14430004.96609030,17786,811.76794800,7588569.77660237,0
14,1580565600000,9345.19000000,9359.40000000,9305.00000000,9350.08000000,1495.09341700,1580569199999,13949216.31050731,17632,732.73380800,6837039.46325912,0
15,1580569200000,9350.00000000,9375.00000000,9330.27000000,9333.91000000,1301.34711400,1580572799999,12173237.59833383,16253,607.79640300,5687226.34847402,0
16,1580572800000,9333.73000000,9407.52000000,9327.00000000,9405.80000000,1637.40867000,1580576399999,15351115.02926694,19190,840.23227300,7877033.30416524,0
17,1580576400000,9405.86000000,9420.98000000,9380.94000000,9381.48000000,1675.64006800,1580579999999,15756050.80083886,17632,926.73673400,8715384.91523909,0
18,1580580000000,9381.51000000,9403.00000000,9356.01000000,9390.30000000,1123.99540100,1580583599999,10550678.04914957,13926,619.22223200,5813004.67325152,0
19,1580583600000,9390.55000000,9392.25000000,9351.43000000,9367.09000000,760.06648500,1580587199999,7122621.21050951,11242,389.90187800,3654325.99799486,0
20,1580587200000,9367.76000000,9392.05000000,9353.01000000,9381.43000000,934.92248000,1580590799999,8764992.44748853,11160,479.48875800,4495823.35692387,0
21,1580590800000,9381.43000000,9381.80000000,9364.06000000,9379.99000000,568.28483600,1580594399999,5327161.17343272,9581,274.97311100,2577950.13860194,0
22,1580594400000,9379.40000000,9407.80000000,9350.00000000,9377.87000000,933.02967500,1580597999999,8755292.51276939,13229,478.32742400,4489049.29976653,0
23,1580598000000,9379.57000000,9409.99000000,9376.69000000,9384.61000000,961.13339100,1580601599999,9027162.16089604,14018,546.83689100,5136015.08857218,0
24,1580601600000,9384.41000000,9387.03000000,9320.00000000,9328.49000000,1283.64780700,1580605199999,12000548.68197394,15639,537.38728200,5026002.55206148,0
25,1580605200000,9328.50000000,9347.81000000,9307.83000000,9336.43000000,1331.23358300,1580608799999,12417663.39803549,14727,523.11291700,4880540.07775837,0
26,1580608800000,9334.81000000,9336.43000000,9245.75000000,9267.83000000,2678.93028100,1580612399999,24856256.28081321,24398,1079.34271900,10017307.29655907,0
27,1580612400000,9267.91000000,9295.06000000,9251.18000000,9266.83000000,1409.47269400,1580615999999,13071072.40067011,15886,645.52028300,5986438.00750192,0
28,1580616000000,9266.79000000,9332.72000000,9120.00000000,9322.33000000,5770.97452900,1580619599999,53350291.48024610,40523,2358.11068800,21822216.55822184,0
29,1580619600000,9322.89000000,9346.08000000,9300.00000000,9311.43000000,1768.34317200,1580623199999,16470864.90984050,21070,943.40650500,8787701.23011507,0
30,1580623200000,9310.72000000,9382.00000000,9289.08000000,9361.09000000,2263.41348900,1580626799999,21138513.73080414,24284,1321.89345700,12346017.32170663,0
31,1580626800000,9361.40000000,9385.00000000,9350.01000000,9370.53000000,1388.63346900,1580630399999,13008167.03670438,16820,754.83756400,7071384.86321265,0
32,1580630400000,9370.53000000,9400.00000000,9346.00000000,9368.06000000,1377.11883700,1580633999999,12901649.84886798,16829,793.43250900,7434937.77909655,0
33,1580634000000,9367.16000000,9385.00000000,9352.50000000,9380.60000000,1021.56653800,1580637599999,9571020.85974056,14138,470.58019500,4409079.69910019,0
34,1580637600000,9380.65000000,9450.00000000,9380.55000000,9423.35000000,3992.77363400,1580641199999,37614270.56985845,28456,2443.24493800,23011156.05458331,0
35,1580641200000,9423.44000000,9443.08000000,9410.00000000,9435.54000000,1314.31273400,1580644799999,12387773.53359405,14615,644.28007900,6071417.02920602,0
36,1580644800000,9435.79000000,9477.03000000,9402.04000000,9421.80000000,2859.89698600,1580648399999,26994586.25461803,28060,1621.45092100,15307115.76582897,0
37,1580648400000,9423.11000000,9430.56000000,9396.83000000,9421.99000000,1506.80569900,1580651999999,14185345.64477174,14274,623.79817500,5874156.91246520,0
38,1580652000000,9421.84000000,9458.80000000,9363.89000000,9446.86000000,2425.59117600,1580655599999,22841359.60776290,22051,1339.54113600,12621332.48082347,0
39,1580655600000,9446.86000000,9464.52000000,9433.68000000,9446.77000000,1650.52142200,1580659199999,15599626.15580270,14208,874.20900900,8263808.22441087,0
40,1580659200000,9446.80000000,9458.19000000,9417.96000000,9427.75000000,1327.29364500,1580662799999,12521093.39116183,15436,716.39853400,6757908.17949990,0
41,1580662800000,9427.75000000,9449.50000000,9395.46000000,9430.73000000,1873.47372000,1580666399999,17666730.04976546,17246,1070.65421400,10097899.05663140,0
42,1580666400000,9430.73000000,9455.00000000,9428.02000000,9442.75000000,846.33771300,1580669999999,7993776.01282161,11685,432.93087800,4089254.00890639,0
43,1580670000000,9442.01000000,9460.00000000,9430.18000000,9438.08000000,1357.63856200,1580673599999,12822790.23435165,12743,756.88782600,7149360.60118643,0
44,1580673600000,9437.90000000,9454.87000000,9419.38000000,9437.55000000,1263.19451600,1580677199999,11925266.57457143,12386,552.94777200,5220397.87154915,0
45,1580677200000,9437.97000000,9447.24000000,9425.00000000,9441.50000000,674.66175800,1580680799999,6366559.41733329,9789,328.82949700,3103048.57946894,0
46,1580680800000,9440.62000000,9442.87000000,9374.53000000,9380.00000000,1579.55164100,1580684399999,14853776.55000266,17660,611.34469700,5749120.33838302,0
47,1580684400000,9380.01000000,9417.39000000,9322.00000000,9331.51000000,2725.52493500,1580687999999,25505086.06635609,23635,1144.26426500,10710605.30329262,0
48,1580688000000,9331.59000000,9420.26000000,9288.00000000,9411.09000000,3413.80977100,1580691599999,31925937.84861276,28547,1564.65305200,14642246.41300430,0
49,1580691600000,9411.09000000,9618.79000000,9396.37000000,9510.76000000,5979.91505800,1580695199999,56930176.38429280,50362,3609.76127400,34343804.31360922,0
50,1580695200000,9510.76000000,9517.43000000,9320.00000000,9376.30000000,5192.01529800,1580698799999,48788997.68368726,35206,2347.13286400,22057912.40078933,0
51,1580698800000,9377.57000000,9397.14000000,9333.83000000,9385.59000000,1944.23249000,1580702399999,18218837.95702198,17861,984.66393900,9226801.23133629,0
52,1580702400000,9386.24000000,9405.88000000,9368.43000000,9392.91000000,962.09015400,1580705999999,9034809.47680186,12258,461.08638700,4330150.78004546,0
53,1580706000000,9392.91000000,9426.60000000,9387.61000000,9401.80000000,954.25192600,1580709599999,8980547.33014872,12745,443.71661600,4176301.04102681,0
54,1580709600000,9401.98000000,9418.00000000,9385.00000000,9395.34000000,998.57935900,1580713199999,9389740.40768062,13021,424.92609300,3995762.52205369,0
55,1580713200000,9396.53000000,9396.67000000,9346.09000000,9368.16000000,1541.50146300,1580716799999,14449570.41516323,17741,627.54499700,5882839.42604224,0
56,1580716800000,9368.16000000,9399.42000000,9351.38000000,9371.22000000,1358.66028400,1580720399999,12738978.59068559,15988,635.20647700,5956436.81444623,0
57,1580720400000,9371.87000000,9374.49000000,9336.07000000,9344.16000000,1762.61329600,1580723999999,16496402.76203349,17480,647.43888800,6059718.17386886,0
58,1580724000000,9344.17000000,9348.34000000,9308.19000000,9312.93000000,2296.13590300,1580727599999,21419072.43810258,21368,915.41945200,8540229.09026069,0
59,1580727600000,9313.59000000,9398.99000000,9303.20000000,9351.48000000,2237.17361900,1580731199999,20925517.80781618,22284,1057.94132900,9897110.60316790,0
60,1580731200000,9352.00000000,9373.97000000,9335.11000000,9347.12000000,1279.66181900,1580734799999,11972710.26172775,16150,668.61257900,6255705.17532403,0
61,1580734800000,9347.12000000,9350.53000000,9307.00000000,9331.05000000,2108.15170700,1580738399999,19663351.83791856,21652,1137.18781600,10605955.34764367,0
62,1580738400000,9331.50000000,9365.79000000,9302.01000000,9353.61000000,2466.71859600,1580741999999,23041148.00822869,25459,1162.10344600,10855066.29739114,0
63,1580742000000,9355.13000000,9355.13000000,9265.00000000,9270.00000000,4612.56647300,1580745599999,42932699.52174935,40815,2089.71810500,19454233.39369146,0
64,1580745600000,9270.00000000,9331.50000000,9255.00000000,9263.67000000,3634.49610600,1580749199999,33762744.87885259,28582,1741.08419900,16172626.55179534,0
65,1580749200000,9263.14000000,9304.02000000,9234.00000000,9293.37000000,2113.02138700,1580752799999,19590908.12303004,17801,913.09365200,8469435.88872913,0
66,1580752800000,9293.29000000,9317.03000000,9259.47000000,9308.37000000,1313.27404500,1580756399999,12198708.29068337,14822,681.48571400,6330520.46423164,0
67,1580756400000,9308.32000000,9318.79000000,9290.14000000,9316.70000000,786.58644400,1580759999999,7318418.63560509,11172,428.76475800,3989258.12434097,0
68,1580760000000,9316.04000000,9344.02000000,9297.02000000,9318.04000000,1071.26129500,1580763599999,9984795.75130088,14581,550.97569200,5135573.40819206,0
69,1580763600000,9318.05000000,9318.09000000,9273.55000000,9287.58000000,689.35194500,1580767199999,6407657.92259900,11245,360.61525000,3351813.22694867,0
70,1580767200000,9286.47000000,9303.82000000,9260.00000000,9274.05000000,621.82853800,1580770799999,5773603.85908890,10261,318.05742800,2953726.82409458,0
71,1580770800000,9274.46000000,9319.99000000,9251.01000000,9292.24000000,1554.23647500,1580774399999,14434657.29964115,14723,1010.20768900,9382719.02650826,0
72,1580774400000,9291.35000000,9350.00000000,9290.63000000,9330.09000000,1695.54400600,1580777999999,15815277.40479963,16414,1152.39537000,10748816.88587078,0
73,1580778000000,9330.52000000,9344.02000000,9270.00000000,9275.97000000,1038.73412800,1580781599999,9663405.12747929,11932,496.76737800,4622351.73327273,0
74,1580781600000,9276.65000000,9307.69000000,9276.65000000,9301.56000000,869.56111500,1580785199999,8082386.26646908,9572,396.24167100,3682566.07757076,0
75,1580785200000,9301.09000000,9305.00000000,9262.14000000,9282.95000000,1053.58909800,1580788799999,9782799.25471215,12898,569.28314700,5285799.27999934,0
76,1580788800000,9282.96000000,9315.91000000,9255.00000000,9271.25000000,1968.35666400,1580792399999,18279753.68481666,18501,710.33050700,6597831.46242111,0
77,1580792400000,9270.27000000,9295.94000000,9227.58000000,9289.34000000,2610.51834100,1580795999999,24174210.65828383,21431,1020.12207900,9450297.14330752,0
78,1580796000000,9288.21000000,9299.00000000,9250.00000000,9274.77000000,1491.88340000,1580799599999,13834674.60336395,16319,766.00469000,7103489.39853220,0
79,1580799600000,9274.76000000,9318.89000000,9257.00000000,9278.63000000,2442.97343700,1580803199999,22690498.86070451,22101,1452.85943000,13495727.07691435,0
80,1580803200000,9278.63000000,9297.16000000,9238.20000000,9239.80000000,2240.44076500,1580806799999,20763175.46684517,24036,974.42712200,9032914.49240189,0
81,1580806800000,9239.92000000,9327.00000000,9161.00000000,9172.16000000,4685.64254200,1580810399999,43174560.83255900,43004,2302.15737200,21222051.28226683,0
82,1580810400000,9172.16000000,9198.96000000,9153.78000000,9170.92000000,2979.67604500,1580813999999,27353282.51492101,24489,1388.96128400,12749218.75280993,0
83,1580814000000,9171.64000000,9249.90000000,9108.00000000,9182.81000000,4651.63284700,1580817599999,42749470.33229958,35504,2445.29449600,22486278.15449935,0
84,1580817600000,9182.81000000,9204.57000000,9100.00000000,9133.41000000,3724.10670700,1580821199999,34025184.26444311,27382,1816.95992000,16605072.46730657,0
85,1580821200000,9133.28000000,9159.66000000,9093.01000000,9157.85000000,2557.69472200,1580824799999,23338526.84590263,20217,1022.92744000,9339477.44113686,0
86,1580824800000,9157.85000000,9171.98000000,9115.00000000,9153.51000000,2350.18961500,1580828399999,21491400.30477061,21043,1188.64126000,10869682.04204378,0
87,1580828400000,9154.30000000,9236.72000000,9144.00000000,9206.47000000,5023.35413100,1580831999999,46214112.36257106,45871,2453.40006800,22568239.01410877,0
88,1580832000000,9207.02000000,9240.00000000,9200.00000000,9225.40000000,2761.21949100,1580835599999,25456316.13163619,34708,1320.40362300,12174635.35691512,0
89,1580835600000,9225.41000000,9232.55000000,9200.62000000,9228.00000000,1389.10826100,1580839199999,12796915.75147884,20019,639.11560400,5888378.25707033,0
90,1580839200000,9228.00000000,9240.00000000,9173.90000000,9195.57000000,1733.97895700,1580842799999,15972644.72218993,20110,787.24745200,7253772.12511798,0
91,1580842800000,9195.54000000,9208.00000000,9176.00000000,9186.37000000,1173.52308800,1580846399999,10783100.88454262,15983,566.26347700,5203641.20608079,0
92,1580846400000,9186.72000000,9205.98000000,9151.00000000,9204.64000000,1559.76883700,1580849999999,14311603.24218281,18140,751.76258000,6897997.98885641,0
93,1580850000000,9204.95000000,9207.02000000,9165.29000000,9169.09000000,1124.46489700,1580853599999,10330508.75313712,15105,600.79345400,5520032.30795087,0
94,1580853600000,9169.09000000,9203.09000000,9161.18000000,9202.48000000,1019.12151900,1580857199999,9356732.94756797,17274,519.94517700,4774119.23572905,0
95,1580857200000,9202.15000000,9220.19000000,9178.72000000,9197.02000000,1163.09265300,1580860799999,10695595.99308576,16877,761.12770600,6999119.05796827,0
96,1580860800000,9197.02000000,9240.00000000,9185.00000000,9224.65000000,2172.54260400,1580864399999,20008679.08282559,21671,933.89637100,8608791.96245194,0
97,1580864400000,9224.64000000,9245.87000000,9189.05000000,9189.60000000,1507.04681300,1580867999999,13892185.93968666,18135,699.50616000,6448272.82741269,0
98,1580868000000,9190.97000000,9229.52000000,9177.22000000,9226.98000000,1121.22113700,1580871599999,10312830.50801348,17489,644.18564800,5926052.06804192,0
99,1580871600000,9226.98000000,9242.00000000,9205.89000000,9239.19000000,1273.81959500,1580875199999,11745589.87267179,15458,609.83875800,5623840.30266175,0
100,1580875200000,9239.19000000,9245.00000000,9216.75000000,9244.35000000,1198.45775700,1580878799999,11065140.29191955,16997,599.68796800,5537479.83105730,0
101,1580878800000,9244.61000000,9289.99000000,9232.03000000,9276.43000000,2872.98021500,1580882399999,26597925.84127780,27301,1668.46045200,15445082.73946952,0
102,1580882400000,9277.48000000,9300.00000000,9263.84000000,9267.00000000,1697.74787200,1580885999999,15761021.08196805,20784,855.00764400,7938437.15716527,0
103,1580886000000,9267.00000000,9298.00000000,9256.53000000,9274.53000000,1495.99969100,1580889599999,13878214.40625448,20495,832.07329900,7719637.25634013,0
104,1580889600000,9274.39000000,9276.98000000,9232.75000000,9258.53000000,2021.29363300,1580893199999,18698687.69966425,21903,1219.98088600,11285414.11735127,0
105,1580893200000,9258.53000000,9276.92000000,9246.15000000,9254.68000000,1519.79495400,1580896799999,14074533.68236523,18724,779.76038700,7221632.59315755,0
106,1580896800000,9254.74000000,9403.68000000,9250.00000000,9383.46000000,6061.86025100,1580900399999,56608562.19451299,54253,3585.40796200,33477568.05241476,0
107,1580900400000,9383.46000000,9421.75000000,9363.78000000,9418.48000000,3537.87890300,1580903999999,33249463.53410992,36272,1837.87693800,17275078.80566712,0
108,1580904000000,9419.17000000,9475.18000000,9414.35000000,9451.17000000,4484.37005300,1580907599999,42372600.96607001,43755,2739.39952100,25883667.29023100,0
109,1580907600000,9450.79000000,9466.65000000,9410.00000000,9448.87000000,2259.99031700,1580911199999,21338731.05095974,27383,1238.03041300,11690169.04549479,0
110,1580911200000,9448.87000000,9479.00000000,9412.00000000,9445.62000000,2113.51710600,1580914799999,19954166.28909302,24024,1113.26669000,10512521.10342669,0
111,1580914800000,9445.66000000,9494.20000000,9430.45000000,9485.08000000,2255.59773500,1580918399999,21344820.65481591,24737,1225.97205600,11603685.99386445,0
112,1580918400000,9484.22000000,9566.19000000,9472.30000000,9563.00000000,4385.83338800,1580921999999,41789792.95679431,40950,2437.30328500,23222984.06339604,0
113,1580922000000,9563.00000000,9568.00000000,9524.47000000,9560.52000000,2099.91974200,1580925599999,20055937.90402521,22779,1066.87564700,10189509.26475293,0
114,1580925600000,9560.55000000,9744.45000000,9560.00000000,9657.11000000,8719.22178600,1580929199999,84144771.07322455,72469,5006.08482100,48300040.58987101,0
115,1580929200000,9657.11000000,9715.00000000,9631.76000000,9655.99000000,2871.87929700,1580932799999,27790525.18120992,30119,1442.69407000,13964418.84351662,0
116,1580932800000,9655.93000000,9698.45000000,9653.56000000,9672.87000000,1738.50026800,1580936399999,16817938.09560684,18798,946.01243100,9151924.70140515,0
117,1580936400000,9673.84000000,9725.00000000,9671.93000000,9692.50000000,2251.93727900,1580939999999,21841825.16266959,20805,1156.71815100,11218904.78069757,0
118,1580940000000,9692.50000000,9693.71000000,9608.27000000,9635.00000000,3091.75943000,1580943599999,29821034.93912378,25525,1596.89802900,15396189.86019810,0
119,1580943600000,9635.01000000,9671.22000000,9565.14000000,9612.04000000,2117.24578900,1580947199999,20375596.37296853,20932,1140.66761500,10979182.88732139,0
120,1580947200000,9612.03000000,9635.11000000,9526.35000000,9550.59000000,2695.50326700,1580950799999,25797802.23430953,29645,1170.39321900,11202917.29493267,0
121,1580950800000,9550.73000000,9634.99000000,9540.00000000,9634.50000000,1621.53331100,1580954399999,15555056.53463464,19231,814.12498000,7809806.78193926,0
122,1580954400000,9634.83000000,9635.11000000,9568.57000000,9582.97000000,933.30013000,1580957999999,8955153.31252985,14158,449.33384100,4310473.05169821,0
123,1580958000000,9582.97000000,9650.00000000,9571.00000000,9635.70000000,1315.80344000,1580961599999,12636673.05589765,19136,711.78097200,6835966.18547617,0
124,1580961600000,9635.20000000,9653.99000000,9617.10000000,9644.84000000,1499.52123200,1580965199999,14449287.24008907,20517,710.88092400,6850191.89340649,0
125,1580965200000,9644.83000000,9664.93000000,9630.00000000,9637.15000000,1271.36733200,1580968799999,12265407.64054233,18064,708.17794600,6832240.23173965,0
126,1580968800000,9637.48000000,9690.00000000,9607.52000000,9649.07000000,2540.36644800,1580972399999,24516389.62729217,25000,1274.67505900,12304261.46598286,0
127,1580972400000,9649.81000000,9697.78000000,9615.11000000,9628.80000000,3327.12315900,1580975999999,32147601.86132731,27644,1546.46788700,14949738.06053534,0
128,1580976000000,9629.85000000,9667.17000000,9605.55000000,9645.90000000,2830.25101800,1580979599999,27302323.93567501,26764,1104.87811400,10658314.95436129,0
129,1580979600000,9645.19000000,9665.00000000,9619.30000000,9662.24000000,1886.17595000,1580983199999,18185844.51848025,26335,859.11617700,8285238.08425413,0
130,1580983200000,9662.24000000,9698.00000000,9647.35000000,9678.50000000,2003.55810500,1580986799999,19382753.10301611,25474,1188.53053200,11499999.54866895,0
131,1580986800000,9677.52000000,9707.21000000,9655.00000000,9698.89000000,2200.62517700,1580990399999,21302548.61073269,32486,1170.71804600,11333649.25213281,0
132,1580990400000,9698.66000000,9832.32000000,9698.66000000,9825.22000000,7068.20808900,1580993999999,69029865.55261037,59421,3830.28855000,37418120.79923156,0
133,1580994000000,9825.21000000,9862.56000000,9638.00000000,9744.19000000,8723.07238900,1580997599999,85233437.35519350,61784,4388.21009300,42902283.78396239,0
134,1580997600000,9744.83000000,9862.57000000,9681.44000000,9824.30000000,5355.52243500,1581001199999,52383290.51381126,47771,2820.35427800,27600505.09922094,0
135,1581001200000,9822.32000000,9830.00000000,9756.00000000,9786.88000000,2495.35468400,1581004799999,24439715.20115804,30792,1145.40757900,11218396.77758186,0
136,1581004800000,9786.87000000,9839.63000000,9750.00000000,9788.64000000,2471.83251600,1581008399999,24203900.17591039,27460,1140.34368900,11165578.74037616,0
137,1581008400000,9789.16000000,9810.70000000,9733.41000000,9771.57000000,1764.57284100,1581011999999,17247990.61852629,22594,861.34125500,8419844.14738115,0
138,1581012000000,9771.87000000,9779.93000000,9717.85000000,9769.18000000,1947.46079400,1581015599999,18987248.61449511,25050,802.07357700,7817223.04321512,0
139,1581015600000,9769.18000000,9778.10000000,9722.43000000,9747.29000000,2015.94782800,1581019199999,19663464.07261014,29525,736.61598800,7182201.30232288,0
140,1581019200000,9747.29000000,9792.00000000,9739.17000000,9783.43000000,2103.26021200,1581022799999,20537987.37449642,22860,1439.48882600,14055196.04112642,0
141,1581022800000,9783.39000000,9801.98000000,9740.00000000,9750.19000000,2110.32287700,1581026399999,20625308.13384959,20801,744.92702100,7280001.95810483,0
142,1581026400000,9750.23000000,9765.17000000,9685.00000000,9692.70000000,1814.68726300,1581029999999,17646115.38775675,23787,778.05070100,7570228.87275440,0
143,1581030000000,9692.70000000,9777.67000000,9660.00000000,9772.00000000,2954.33609100,1581033599999,28749915.14743672,25880,1747.27539300,17004237.01621901,0
144,1581033600000,9772.00000000,9824.48000000,9752.65000000,9791.15000000,2069.66368700,1581037199999,20274283.07940301,28923,1086.28499100,10642369.58203327,0
145,1581037200000,9791.15000000,9829.72000000,9770.95000000,9808.04000000,1566.14046800,1581040799999,15359486.07206817,21566,854.40457000,8379830.72417855,0
146,1581040800000,9808.55000000,9855.00000000,9786.17000000,9800.00000000,2318.85963400,1581044399999,22794166.98462987,27530,1404.09939400,13805387.91744500,0
147,1581044400000,9800.00000000,9828.47000000,9775.00000000,9779.78000000,1378.22866400,1581047999999,13505419.28034759,22741,689.80209600,6759718.09326406,0
148,1581048000000,9779.73000000,9813.99000000,9741.17000000,9792.12000000,1551.84974400,1581051599999,15179344.81284541,24509,721.85220200,7062365.26071669,0
149,1581051600000,9791.99000000,9819.99000000,9745.02000000,9756.70000000,1622.01861700,1581055199999,15864317.52152626,23703,815.97016100,7982452.50382618,0
150,1581055200000,9758.01000000,9792.99000000,9745.00000000,9779.74000000,1148.68799500,1581058799999,11224138.28907167,19689,571.25753300,5582426.32094240,0
151,1581058800000,9779.74000000,9810.00000000,9759.63000000,9801.83000000,1827.39180500,1581062399999,17887333.44462943,26463,843.67754700,8258650.54518759,0
152,1581062400000,9801.83000000,9811.26000000,9766.31000000,9773.08000000,1678.58126700,1581065999999,16437290.57932691,26129,775.88534300,7599072.83185805,0
153,1581066000000,9773.07000000,9810.00000000,9773.05000000,9793.48000000,1713.89021700,1581069599999,16781064.06745910,24740,854.10395600,8364090.08541385,0
154,1581069600000,9794.38000000,9838.35000000,9791.79000000,9816.57000000,2946.83343100,1581073199999,28917968.00380369,32559,1853.74829600,18187995.33391952,0
155,1581073200000,9816.35000000,9885.00000000,9802.67000000,9809.33000000,4225.58093800,1581076799999,41577282.11724792,37692,2171.57108500,21373870.54616136,0
156,1581076800000,9810.01000000,9827.55000000,9730.54000000,9755.88000000,3309.64452000,1581080399999,32339596.48777328,37151,1574.34470100,15383066.44526497,0
157,1581080400000,9756.42000000,9800.00000000,9754.28000000,9782.04000000,1310.81487900,1581083999999,12818049.34199513,19353,655.37961500,6408779.17065327,0
158,1581084000000,9782.84000000,9845.00000000,9780.00000000,9823.22000000,2326.39453600,1581087599999,22814265.74322294,32683,1173.53894900,11509493.01308815,0
159,1581087600000,9823.29000000,9834.99000000,9781.10000000,9802.02000000,1653.14663900,1581091199999,16216115.00210672,23953,784.76062000,7698057.17374628,0
160,1581091200000,9802.01000000,9836.27000000,9764.00000000,9798.39000000,2337.83560300,1581094799999,22926518.62614262,31271,1127.71735800,11057606.41957535,0
161,1581094800000,9798.35000000,9810.00000000,9780.00000000,9781.03000000,1217.27965200,1581098399999,11922701.85072722,17996,657.53464100,6440245.59515633,0
162,1581098400000,9781.03000000,9809.96000000,9780.00000000,9799.35000000,898.01511600,1581101999999,8797384.00460127,17018,471.30822200,4617486.69470910,0
163,1581102000000,9799.38000000,9802.14000000,9765.00000000,9775.59000000,1067.39147700,1581105599999,10440423.06806191,17096,510.54022000,4993956.23404401,0
164,1581105600000,9775.08000000,9778.88000000,9740.00000000,9741.49000000,1772.80619500,1581109199999,17312440.75296646,21006,885.93457200,8653485.37277791,0
165,1581109200000,9740.60000000,9778.00000000,9730.00000000,9759.00000000,1916.99518200,1581112799999,18695648.82734698,16336,1115.37205400,10877664.62240466,0
166,1581112800000,9758.98000000,9819.00000000,9757.82000000,9810.88000000,976.16986700,1581116399999,9555419.74565616,14626,517.47506100,5064879.35035249,0
167,1581116400000,9810.64000000,9831.00000000,9791.23000000,9813.73000000,1131.89449900,1581119999999,11104202.47847956,17516,617.42499900,6058490.11906974,0
168,1581120000000,9813.87000000,9830.06000000,9769.81000000,9790.00000000,1528.18767700,1581123599999,14984228.19030729,21638,692.82157200,6795314.91300283,0
169,1581123600000,9790.00000000,9795.40000000,9760.00000000,9786.43000000,1394.70682100,1581127199999,13637683.22953379,20369,729.71070400,7136028.09608960,0
170,1581127200000,9786.42000000,9790.86000000,9706.74000000,9729.08000000,2399.53267500,1581130799999,23400302.42341137,26532,943.22365500,9199996.95165315,0
171,1581130800000,9729.08000000,9729.73000000,9667.11000000,9714.11000000,2877.07027100,1581134399999,27895526.84239939,31011,1436.80293600,13932394.53424648,0
172,1581134400000,9714.14000000,9765.00000000,9700.02000000,9757.11000000,1402.87205000,1581137999999,13665787.43561298,18978,760.18686700,7408087.09386706,0
173,1581138000000,9757.32000000,9780.00000000,9735.15000000,9760.99000000,1771.52573800,1581141599999,17286233.77525623,17524,978.87131800,9553913.99599208,0
174,1581141600000,9761.00000000,9796.88000000,9751.81000000,9762.97000000,1539.30346800,1581145199999,15043571.42334972,15750,713.66091700,6974804.01605115,0
175,1581145200000,9762.97000000,9779.09000000,9754.92000000,9771.39000000,1183.51821700,1581148799999,11560706.46874572,18184,573.05539600,5597623.91824760,0
176,1581148800000,9771.39000000,9821.00000000,9769.51000000,9805.49000000,2088.21664500,1581152399999,20457241.48221973,23458,1263.32059000,12377539.48376961,0
177,1581152400000,9805.20000000,9821.50000000,9780.00000000,9809.31000000,1231.29259400,1581155999999,12071195.11867473,15855,550.94745500,5401021.19481829,0
178,1581156000000,9809.30000000,9845.00000000,9791.00000000,9796.28000000,2099.54466300,1581159599999,20633440.38928534,21315,1198.07545400,11775931.72590520,0
179,1581159600000,9794.91000000,9817.89000000,9785.35000000,9810.02000000,1180.59764300,1581163199999,11571812.86499644,15491,590.96282000,5793037.24182806,0
180,1581163200000,9810.02000000,9829.99000000,9801.15000000,9810.15000000,1644.46355800,1581166799999,16143813.02004515,16590,981.36429400,9634280.08931759,0
181,1581166800000,9810.15000000,9866.00000000,9750.00000000,9793.51000000,4103.53841500,1581170399999,40255083.75408625,33125,2163.29049900,21238394.63681944,0
182,1581170400000,9793.50000000,9849.00000000,9783.25000000,9840.99000000,2861.35506200,1581173999999,28098504.41614017,21426,1524.53757800,14968861.43795731,0
183,1581174000000,9842.11000000,9850.00000000,9817.17000000,9829.47000000,1241.51073700,1581177599999,12211247.89539135,16933,659.21276400,6484497.78132436,0
184,1581177600000,9829.50000000,9871.00000000,9810.10000000,9858.41000000,2098.28887700,1581181199999,20660622.89941157,25131,1214.90747700,11965532.73610688,0
185,1581181200000,9858.33000000,9888.00000000,9840.49000000,9862.19000000,2313.30564000,1581184799999,22830637.64421592,28643,1146.36515600,11313337.19480652,0
186,1581184800000,9862.52000000,9869.51000000,9810.62000000,9841.76000000,1424.27363300,1581188399999,14022580.59754105,20243,579.15427800,5703266.16691367,0
187,1581188400000,9841.97000000,9869.43000000,9841.27000000,9862.69000000,1207.11357700,1581191999999,11893044.71850776,17603,786.74193300,7750676.01832253,0
188,1581192000000,9862.15000000,9870.00000000,9845.39000000,9856.87000000,783.49563900,1581195599999,7723672.30700936,15099,337.22348400,3324360.31019660,0
189,1581195600000,9857.73000000,9940.00000000,9856.73000000,9914.67000000,2629.67549800,1581199199999,26032682.65187134,35860,1596.92680800,15807591.00541441,0
190,1581199200000,9913.02000000,9929.50000000,9840.00000000,9913.26000000,1764.70403900,1581202799999,17452259.17596349,23821,836.16169200,8270658.49801520,0
191,1581202800000,9913.26000000,9923.00000000,9892.50000000,9895.05000000,832.75052900,1581206399999,8249911.47683982,13994,406.85619000,4030974.80602178,0
192,1581206400000,9895.04000000,9947.50000000,9880.75000000,9936.95000000,1430.94411600,1581209999999,14200877.98220609,19962,675.10466000,6699460.04024567,0
193,1581210000000,9937.05000000,9944.25000000,9909.56000000,9938.90000000,957.50267400,1581213599999,9509107.69766678,13979,515.74799600,5122552.24993072,0
194,1581217200000,9938.86000000,10052.67000000,9937.92000000,10052.63000000,4894.06025300,1581220799999,48914893.66175732,44834,2965.20356900,29636500.07664453,0
195,1581220800000,10052.66000000,10131.00000000,10052.22000000,10091.27000000,3942.41153700,1581224399999,39788523.13639842,41081,2103.61241700,21233124.71293696,0
196,1581224400000,10091.85000000,10114.25000000,10040.00000000,10099.99000000,2139.40433000,1581227999999,21564422.38197773,26863,1069.68902700,10782328.24051630,0
197,1581228000000,10099.99000000,10123.10000000,10088.12000000,10096.76000000,1762.37082500,1581231599999,17806166.26686012,24537,854.46798400,8633054.90474730,0
198,1581231600000,10096.98000000,10166.00000000,10094.87000000,10127.87000000,2172.56767700,1581235199999,22000448.95476746,29764,1126.39977300,11406188.90535693,0
199,1581235200000,10127.87000000,10151.04000000,10086.43000000,10110.93000000,2584.18437900,1581238799999,26153828.60061153,29521,1131.61402300,11453523.60266312,0
200,1581238800000,10110.93000000,10141.05000000,10075.00000000,10075.00000000,2375.39670600,1581242399999,23982971.36000364,27943,1039.40437300,10496566.30548840,0
201,1581242400000,10075.01000000,10126.16000000,10050.00000000,10121.59000000,2019.19899700,1581245999999,20372792.68863446,21955,1068.14831900,10779971.55500885,0
202,1581246000000,10121.59000000,10134.00000000,10100.00000000,10109.52000000,1270.85953000,1581249599999,12860889.68915597,19790,598.93202600,6061728.08925723,0
203,1581249600000,10108.61000000,10145.64000000,10108.61000000,10126.50000000,1269.37433100,1581253199999,12862235.10405929,20235,600.47283900,6084455.56424548,0
204,1581253200000,10126.50000000,10140.01000000,10089.05000000,10098.36000000,1433.53092000,1581256799999,14500333.42271271,20751,715.03899700,7232966.42630427,0
205,1581256800000,10099.15000000,10118.44000000,10060.00000000,10084.35000000,1771.29707100,1581260399999,17874896.97055168,23875,836.77067600,8446613.32205017,0
206,1581260400000,10084.43000000,10125.30000000,10000.10000000,10097.10000000,3323.03208400,1581263999999,33437296.28345246,35786,1725.41075300,17364119.71156650,0
207,1581264000000,10097.10000000,10125.79000000,10072.16000000,10112.03000000,1927.64102400,1581267599999,19473841.80115242,22605,1020.83887000,10310814.38901802,0
208,1581267600000,10112.04000000,10119.00000000,10075.32000000,10090.42000000,1431.70623400,1581271199999,14456932.68869117,20197,737.94523600,7451163.23089507,0
209,1581271200000,10090.98000000,10093.46000000,10053.69000000,10078.30000000,1321.39783100,1581274799999,13310768.28501013,17041,664.89908800,6699683.55556162,0
210,1581274800000,10078.36000000,10098.16000000,10069.96000000,10074.85000000,585.45372800,1581278399999,5903356.52859898,11823,286.42992300,2888146.83993004,0
211,1581278400000,10074.85000000,10088.12000000,10053.00000000,10064.30000000,1256.42674100,1581281999999,12649530.16541581,16266,509.50717400,5131595.12076031,0
212,1581282000000,10064.35000000,10095.00000000,10059.53000000,10084.98000000,784.64983700,1581285599999,7910978.07722857,12547,490.26566900,4943112.00733951,0
213,1581285600000,10084.88000000,10126.75000000,10082.78000000,10126.17000000,968.86727900,1581289199999,9792856.72460279,15829,552.11555400,5580042.48871296,0
214,1581289200000,10126.22000000,10160.00000000,10119.78000000,10151.75000000,1786.19751200,1581292799999,18113756.43388082,19664,1120.25838100,11361758.66356665,0
215,1581292800000,10151.72000000,10188.00000000,10150.00000000,10184.19000000,1767.19431500,1581296399999,17977779.47296576,22917,900.81623100,9164381.26533466,0
